Family,Type,Length
Rectangular Mullion,Curtain Wall Mullion with Cover - 50mm x 200mm,1380
Rectangular Mullion,Curtain Wall Mullion with Cover - 50mm x 200mm,2355
Rectangular Mullion,Curtain Wall Mullion with Cover - 50mm x 200mm,2355
Rectangular Mullion,Curtain Wall Mullion with Cover - 50mm x 200mm,2400
Rectangular Mullion,Curtain Wall Mullion with Cover - 50mm x 200mm,1520
Rectangular Mullion,Curtain Wall Mullion with Cover - 50mm x 200mm,3695
Rectangular Mullion,Curtain Wall Mullion with Cover - 50mm x 200mm,2400
Rectangular Mullion,Curtain Wall Mullion with Cover - 50mm x 200mm,2355
Rectangular Mullion,Curtain Wall Mullion with Cover - 50mm x 200mm,2349
Rectangular Mullion,Curtain Wall Mullion with Cover - 50mm x 200mm,2400
Rectangular Mullion,Curtain Wall Mullion with Cover - 50mm x 200mm,1520
Rectangular Mullion,Curtain Wall Mullion with Cover - 50mm x 200mm,2349
Rectangular Mullion,Curtain Wall Mullion with Cover - 50mm x 200mm,950
Rectangular Mullion,Curtain Wall Mullion with Cover - 50mm x 200mm,950
Rectangular Mullion,Curtain Wall Mullion with Cover - 50mm x 200mm,2400
Rectangular Mullion,Curtain Wall Mullion with Cover - 50mm x 200mm,1520
Rectangular Mullion,Curtain Wall Mullion with Cover - 50mm x 200mm,975
Rectangular Mullion,Curtain Wall Mullion with Cover - 50mm x 200mm,1355
Rectangular Mullion,Curtain Wall Mullion with Cover - 50mm x 200mm,1355
Rectangular Mullion,Curtain Wall Mullion with Cover - 50mm x 200mm,2425
Rectangular Mullion,Curtain Wall Mullion with Cover - 50mm x 200mm,3695
Rectangular Mullion,Curtain Wall Mullion with Cover - 50mm x 200mm,1520
Rectangular Mullion,Curtain Wall Mullion with Cover - 50mm x 200mm,2355
Rectangular Mullion,Curtain Wall Mullion with Cover - 50mm x 200mm,2349
Rectangular Mullion,Curtain Wall Mullion with Cover - 50mm x 200mm,975
Rectangular Mullion,Curtain Wall Mullion with Cover - 50mm x 200mm,1380
Rectangular Mullion,Curtain Wall Mullion with Cover - 50mm x 200mm,3695
Rectangular Mullion,Curtain Wall Mullion with Cover - 50mm x 200mm,3695
Rectangular Mullion,Curtain Wall Mullion with Cover - 50mm x 200mm,727
Rectangular Mullion,Curtain Wall Mullion with Cover - 50mm x 200mm,2028
Rectangular Mullion,Curtain Wall Mullion with Cover - 50mm x 200mm,3070
Rectangular Mullion,Curtain Wall Mullion with Cover - 50mm x 200mm,925
Rectangular Mullion,Curtain Wall Mullion with Cover - 50mm x 200mm,1244
Rectangular Mullion,Curtain Wall Mullion with Cover - 50mm x 200mm,1986
Rectangular Mullion,Curtain Wall Mullion with Cover - 50mm x 200mm,13040
Rectangular Mullion,Curtain Wall Mullion with Cover - 50mm x 200mm,1968
Rectangular Mullion,Curtain Wall Mullion with Cover - 50mm x 200mm,1246
Rectangular Mullion,Curtain Wall Mullion with Cover - 50mm x 200mm,3070
Rectangular Mullion,Curtain Wall Mullion with Cover - 50mm x 200mm,1961
Rectangular Mullion,Curtain Wall Mullion with Cover - 50mm x 200mm,1968
Rectangular Mullion,Curtain Wall Mullion with Cover - 50mm x 200mm,3070
Rectangular Mullion,Curtain Wall Mullion with Cover - 50mm x 200mm,1963
Rectangular Mullion,Curtain Wall Mullion with Cover - 50mm x 200mm,1961
Rectangular Mullion,Curtain Wall Mullion with Cover - 50mm x 200mm,3070
Rectangular Mullion,Curtain Wall Mullion with Cover - 50mm x 200mm,1296
Rectangular Mullion,Curtain Wall Mullion with Cover - 50mm x 200mm,1963
Rectangular Mullion,Curtain Wall Mullion with Cover - 50mm x 200mm,3070
Rectangular Mullion,Curtain Wall Mullion with Cover - 50mm x 200mm,1986
Rectangular Mullion,Curtain Wall Mullion with Cover - 50mm x 200mm,1294
Rectangular Mullion,Curtain Wall Mullion with Cover - 50mm x 200mm,3070
Rectangular Mullion,Curtain Wall Mullion with Cover - 50mm x 200mm,2028
Rectangular Mullion,Curtain Wall Mullion with Cover - 50mm x 200mm,1961
Rectangular Mullion,Curtain Wall Mullion with Cover - 50mm x 200mm,3070
Rectangular Mullion,Curtain Wall Mullion with Cover - 50mm x 200mm,1961
Rectangular Mullion,Curtain Wall Mullion with Cover - 50mm x 200mm,1961
Rectangular Mullion,Curtain Wall Mullion with Cover - 50mm x 200mm,3070
Rectangular Mullion,Curtain Wall Mullion with Cover - 50mm x 200mm,1961
Rectangular Mullion,Curtain Wall Mullion with Cover - 50mm x 200mm,727
Rectangular Mullion,Curtain Wall Mullion with Cover - 50mm x 200mm,3070
Rectangular Mullion,Curtain Wall Mullion with Cover - 50mm x 200mm,2845
Rectangular Mullion,Curtain Wall Mullion with Cover - 50mm x 200mm,1000
Rectangular Mullion,Curtain Wall Mullion with Cover - 50mm x 200mm,2028
Rectangular Mullion,Curtain Wall Mullion with Cover - 50mm x 200mm,1961
Rectangular Mullion,Curtain Wall Mullion with Cover - 50mm x 200mm,1961
Rectangular Mullion,Curtain Wall Mullion with Cover - 50mm x 200mm,727
Rectangular Mullion,Curtain Wall Mullion with Cover - 50mm x 200mm,2845
Rectangular Mullion,Curtain Wall Mullion with Cover - 50mm x 200mm,2845
Rectangular Mullion,Curtain Wall Mullion with Cover - 50mm x 200mm,2845
Rectangular Mullion,Curtain Wall Mullion with Cover - 50mm x 200mm,2845
Rectangular Mullion,Curtain Wall Mullion with Cover - 50mm x 200mm,1000
Rectangular Mullion,Curtain Wall Mullion with Cover - 50mm x 200mm,1986
Rectangular Mullion,Curtain Wall Mullion with Cover - 50mm x 200mm,1244
Rectangular Mullion,Curtain Wall Mullion with Cover - 50mm x 200mm,2845
Rectangular Mullion,Curtain Wall Mullion with Cover - 50mm x 200mm,2845
Rectangular Mullion,Curtain Wall Mullion with Cover - 50mm x 200mm,1000
Rectangular Mullion,Curtain Wall Mullion with Cover - 50mm x 200mm,1246
Rectangular Mullion,Curtain Wall Mullion with Cover - 50mm x 200mm,1963
Rectangular Mullion,Curtain Wall Mullion with Cover - 50mm x 200mm,1961
Rectangular Mullion,Curtain Wall Mullion with Cover - 50mm x 200mm,1968
Rectangular Mullion,Curtain Wall Mullion with Cover - 50mm x 200mm,2845
Rectangular Mullion,Curtain Wall Mullion with Cover - 50mm x 200mm,2845
Rectangular Mullion,Curtain Wall Mullion with Cover - 50mm x 200mm,2845
Rectangular Mullion,Curtain Wall Mullion with Cover - 50mm x 200mm,2845
Rectangular Mullion,Curtain Wall Mullion with Cover - 50mm x 200mm,1000
Rectangular Mullion,Curtain Wall Mullion with Cover - 50mm x 200mm,1246
Rectangular Mullion,Curtain Wall Mullion with Cover - 50mm x 200mm,1963
Rectangular Mullion,Curtain Wall Mullion with Cover - 50mm x 200mm,1961
Rectangular Mullion,Curtain Wall Mullion with Cover - 50mm x 200mm,1968
Rectangular Mullion,Curtain Wall Mullion with Cover - 50mm x 200mm,2845
Rectangular Mullion,Curtain Wall Mullion with Cover - 50mm x 200mm,2845
Rectangular Mullion,Curtain Wall Mullion with Cover - 50mm x 200mm,2845
Rectangular Mullion,Curtain Wall Mullion with Cover - 50mm x 200mm,2845
Rectangular Mullion,Curtain Wall Mullion with Cover - 50mm x 200mm,1000
Rectangular Mullion,Curtain Wall Mullion with Cover - 50mm x 200mm,1986
Rectangular Mullion,Curtain Wall Mullion with Cover - 50mm x 200mm,1244
Rectangular Mullion,Curtain Wall Mullion with Cover - 50mm x 200mm,2845
Rectangular Mullion,Curtain Wall Mullion with Cover - 50mm x 200mm,2845
Rectangular Mullion,Curtain Wall Mullion with Cover - 50mm x 200mm,1000
Rectangular Mullion,Curtain Wall Mullion with Cover - 50mm x 200mm,1246
Rectangular Mullion,Curtain Wall Mullion with Cover - 50mm x 200mm,1963
Rectangular Mullion,Curtain Wall Mullion with Cover - 50mm x 200mm,1961
Rectangular Mullion,Curtain Wall Mullion with Cover - 50mm x 200mm,1968
Rectangular Mullion,Curtain Wall Mullion with Cover - 50mm x 200mm,2845
Rectangular Mullion,Curtain Wall Mullion with Cover - 50mm x 200mm,2845
Rectangular Mullion,Curtain Wall Mullion with Cover - 50mm x 200mm,2845
Rectangular Mullion,Curtain Wall Mullion with Cover - 50mm x 200mm,2845
Rectangular Mullion,Curtain Wall Mullion with Cover - 50mm x 200mm,1000
Rectangular Mullion,Curtain Wall Mullion with Cover - 50mm x 200mm,1986
Rectangular Mullion,Curtain Wall Mullion with Cover - 50mm x 200mm,1244
Rectangular Mullion,Curtain Wall Mullion with Cover - 50mm x 200mm,2845
Rectangular Mullion,Curtain Wall Mullion with Cover - 50mm x 200mm,1000
Rectangular Mullion,Curtain Wall Mullion with Cover - 50mm x 200mm,3070
Rectangular Mullion,Curtain Wall Mullion with Cover - 50mm x 200mm,1246
Rectangular Mullion,Curtain Wall Mullion with Cover - 50mm x 200mm,1963
Rectangular Mullion,Curtain Wall Mullion with Cover - 50mm x 200mm,1961
Rectangular Mullion,Curtain Wall Mullion with Cover - 50mm x 200mm,1968
Rectangular Mullion,Curtain Wall Mullion with Cover - 50mm x 200mm,1000
Rectangular Mullion,Curtain Wall Mullion with Cover - 50mm x 200mm,1000
Rectangular Mullion,Curtain Wall Mullion with Cover - 50mm x 200mm,1000
Rectangular Mullion,Curtain Wall Mullion with Cover - 50mm x 200mm,1025
Rectangular Mullion,Curtain Wall Mullion with Cover - 50mm x 200mm,3070
Rectangular Mullion,Curtain Wall Mullion with Cover - 50mm x 200mm,1986
Rectangular Mullion,Curtain Wall Mullion with Cover - 50mm x 200mm,1244
Rectangular Mullion,Curtain Wall Mullion with Cover - 50mm x 200mm,1000
Rectangular Mullion,Curtain Wall Mullion with Cover - 50mm x 200mm,1000
Rectangular Mullion,Curtain Wall Mullion with Cover - 50mm x 200mm,3070
Rectangular Mullion,Curtain Wall Mullion with Cover - 50mm x 200mm,2028
Rectangular Mullion,Curtain Wall Mullion with Cover - 50mm x 200mm,1961
Rectangular Mullion,Curtain Wall Mullion with Cover - 50mm x 200mm,1961
Rectangular Mullion,Curtain Wall Mullion with Cover - 50mm x 200mm,727
Rectangular Mullion,Curtain Wall Mullion with Cover - 50mm x 200mm,1000
Rectangular Mullion,Curtain Wall Mullion with Cover - 50mm x 200mm,1000
Rectangular Mullion,Curtain Wall Mullion with Cover - 50mm x 200mm,1000
Rectangular Mullion,Curtain Wall Mullion with Cover - 50mm x 200mm,1000
Rectangular Mullion,Curtain Wall Mullion with Cover - 50mm x 200mm,2845
Rectangular Mullion,Curtain Wall Mullion with Cover - 50mm x 200mm,1246
Rectangular Mullion,Curtain Wall Mullion with Cover - 50mm x 200mm,1963
Rectangular Mullion,Curtain Wall Mullion with Cover - 50mm x 200mm,1961
Rectangular Mullion,Curtain Wall Mullion with Cover - 50mm x 200mm,1968
Rectangular Mullion,Curtain Wall Mullion with Cover - 50mm x 200mm,1000
Rectangular Mullion,Curtain Wall Mullion with Cover - 50mm x 200mm,1000
Rectangular Mullion,Curtain Wall Mullion with Cover - 50mm x 200mm,1000
Rectangular Mullion,Curtain Wall Mullion with Cover - 50mm x 200mm,1000
Rectangular Mullion,Curtain Wall Mullion with Cover - 50mm x 200mm,2845
Rectangular Mullion,Curtain Wall Mullion with Cover - 50mm x 200mm,1986
Rectangular Mullion,Curtain Wall Mullion with Cover - 50mm x 200mm,1244
Rectangular Mullion,Curtain Wall Mullion with Cover - 50mm x 200mm,1000
Rectangular Mullion,Curtain Wall Mullion with Cover - 50mm x 200mm,925
Rectangular Mullion,Curtain Wall Mullion with Cover - 50mm x 200mm,2845
Rectangular Mullion,Curtain Wall Mullion with Cover - 50mm x 200mm,2028
Rectangular Mullion,Curtain Wall Mullion with Cover - 50mm x 200mm,1961
Rectangular Mullion,Curtain Wall Mullion with Cover - 50mm x 200mm,1961
Rectangular Mullion,Curtain Wall Mullion with Cover - 50mm x 200mm,727
Rectangular Mullion,Curtain Wall Mullion with Cover - 50mm x 200mm,925
Rectangular Mullion,Curtain Wall Mullion with Cover - 50mm x 200mm,925
Rectangular Mullion,Curtain Wall Mullion with Cover - 50mm x 200mm,925
Rectangular Mullion,Curtain Wall Mullion with Cover - 50mm x 200mm,1000
Rectangular Mullion,Curtain Wall Mullion with Cover - 50mm x 200mm,2845
Rectangular Mullion,Curtain Wall Mullion with Cover - 50mm x 200mm,1246
Rectangular Mullion,Curtain Wall Mullion with Cover - 50mm x 200mm,1963
Rectangular Mullion,Curtain Wall Mullion with Cover - 50mm x 200mm,1961
Rectangular Mullion,Curtain Wall Mullion with Cover - 50mm x 200mm,1968
Rectangular Mullion,Curtain Wall Mullion with Cover - 50mm x 200mm,1000
Rectangular Mullion,Curtain Wall Mullion with Cover - 50mm x 200mm,1000
Rectangular Mullion,Curtain Wall Mullion with Cover - 50mm x 200mm,1000
Rectangular Mullion,Curtain Wall Mullion with Cover - 50mm x 200mm,1000
Rectangular Mullion,Curtain Wall Mullion with Cover - 50mm x 200mm,2845
Rectangular Mullion,Curtain Wall Mullion with Cover - 50mm x 200mm,1986
Rectangular Mullion,Curtain Wall Mullion with Cover - 50mm x 200mm,1244
Rectangular Mullion,Curtain Wall Mullion with Cover - 50mm x 200mm,1000
Rectangular Mullion,Curtain Wall Mullion with Cover - 50mm x 200mm,8765
Rectangular Mullion,Curtain Wall Mullion with Cover - 50mm x 200mm,2870
Rectangular Mullion,Curtain Wall Mullion with Cover - 50mm x 200mm,1246
Rectangular Mullion,Curtain Wall Mullion with Cover - 50mm x 200mm,1963
Rectangular Mullion,Curtain Wall Mullion with Cover - 50mm x 200mm,1961
Rectangular Mullion,Curtain Wall Mullion with Cover - 50mm x 200mm,1968
Rectangular Mullion,Curtain Wall Mullion with Cover - 50mm x 200mm,8765
Rectangular Mullion,Curtain Wall Mullion with Cover - 50mm x 200mm,8765
Rectangular Mullion,Curtain Wall Mullion with Cover - 50mm x 200mm,8765
Rectangular Mullion,Curtain Wall Mullion with Cover - 50mm x 200mm,13040
Rectangular Mullion,Curtain Wall Mullion with Cover - 50mm x 200mm,2845
Rectangular Mullion,Curtain Wall Mullion with Cover - 50mm x 200mm,1986
Rectangular Mullion,Curtain Wall Mullion with Cover - 50mm x 200mm,1244
Rectangular Mullion,Curtain Wall Mullion with Cover - 50mm x 200mm,13040
Rectangular Mullion,Curtain Wall Mullion with Cover - 50mm x 200mm,1562
Rectangular Mullion,Curtain Wall Mullion with Cover - 50mm x 200mm,1553
Rectangular Mullion,Curtain Wall Mullion with Cover - 50mm x 200mm,3070
Rectangular Mullion,Curtain Wall Mullion with Cover - 50mm x 200mm,2870
Rectangular Mullion,Curtain Wall Mullion with Cover - 50mm x 200mm,1569
Rectangular Mullion,Curtain Wall Mullion with Cover - 50mm x 200mm,1562
Rectangular Mullion,Curtain Wall Mullion with Cover - 50mm x 200mm,3070
Rectangular Mullion,Curtain Wall Mullion with Cover - 50mm x 200mm,1000
Rectangular Mullion,Curtain Wall Mullion with Cover - 50mm x 200mm,3070
Rectangular Mullion,Curtain Wall Mullion with Cover - 50mm x 200mm,1553
Rectangular Mullion,Curtain Wall Mullion with Cover - 50mm x 200mm,1562
Rectangular Mullion,Curtain Wall Mullion with Cover - 50mm x 200mm,1000
Rectangular Mullion,Curtain Wall Mullion with Cover - 50mm x 200mm,2870
Rectangular Mullion,Curtain Wall Mullion with Cover - 50mm x 200mm,1000
Rectangular Mullion,Curtain Wall Mullion with Cover - 50mm x 200mm,1553
Rectangular Mullion,Curtain Wall Mullion with Cover - 50mm x 200mm,1562
Rectangular Mullion,Curtain Wall Mullion with Cover - 50mm x 200mm,2870
Rectangular Mullion,Curtain Wall Mullion with Cover - 50mm x 200mm,1556
Rectangular Mullion,Curtain Wall Mullion with Cover - 50mm x 200mm,1558
Rectangular Mullion,Curtain Wall Mullion with Cover - 50mm x 200mm,3070
Rectangular Mullion,Curtain Wall Mullion with Cover - 50mm x 200mm,2870
Rectangular Mullion,Curtain Wall Mullion with Cover - 50mm x 200mm,1560
Rectangular Mullion,Curtain Wall Mullion with Cover - 50mm x 200mm,1572
Rectangular Mullion,Curtain Wall Mullion with Cover - 50mm x 200mm,3070
Rectangular Mullion,Curtain Wall Mullion with Cover - 50mm x 200mm,1000
Rectangular Mullion,Curtain Wall Mullion with Cover - 50mm x 200mm,3070
Rectangular Mullion,Curtain Wall Mullion with Cover - 50mm x 200mm,1558
Rectangular Mullion,Curtain Wall Mullion with Cover - 50mm x 200mm,1572
Rectangular Mullion,Curtain Wall Mullion with Cover - 50mm x 200mm,1000
Rectangular Mullion,Curtain Wall Mullion with Cover - 50mm x 200mm,2870
Rectangular Mullion,Curtain Wall Mullion with Cover - 50mm x 200mm,1000
Rectangular Mullion,Curtain Wall Mullion with Cover - 50mm x 200mm,1558
Rectangular Mullion,Curtain Wall Mullion with Cover - 50mm x 200mm,1572
Rectangular Mullion,Curtain Wall Mullion with Cover - 50mm x 200mm,2870
Rectangular Mullion,Curtain Wall Mullion with Cover - 50mm x 200mm,1567
Rectangular Mullion,Curtain Wall Mullion with Cover - 50mm x 200mm,1569
Rectangular Mullion,Curtain Wall Mullion with Cover - 50mm x 200mm,1569
Rectangular Mullion,Curtain Wall Mullion with Cover - 50mm x 200mm,1569
Rectangular Mullion,Curtain Wall Mullion with Cover - 50mm x 200mm,3070
Rectangular Mullion,Curtain Wall Mullion with Cover - 50mm x 200mm,1000
Rectangular Mullion,Curtain Wall Mullion with Cover - 50mm x 200mm,2870
Rectangular Mullion,Curtain Wall Mullion with Cover - 50mm x 200mm,1553
Rectangular Mullion,Curtain Wall Mullion with Cover - 50mm x 200mm,1567
Rectangular Mullion,Curtain Wall Mullion with Cover - 50mm x 200mm,1567
Rectangular Mullion,Curtain Wall Mullion with Cover - 50mm x 200mm,1567
Rectangular Mullion,Curtain Wall Mullion with Cover - 50mm x 200mm,3070
Rectangular Mullion,Curtain Wall Mullion with Cover - 50mm x 200mm,1000
Rectangular Mullion,Curtain Wall Mullion with Cover - 50mm x 200mm,2870
Rectangular Mullion,Curtain Wall Mullion with Cover - 50mm x 200mm,1572
Rectangular Mullion,Curtain Wall Mullion with Cover - 50mm x 200mm,1556
Rectangular Mullion,Curtain Wall Mullion with Cover - 50mm x 200mm,1556
Rectangular Mullion,Curtain Wall Mullion with Cover - 50mm x 200mm,1556
Rectangular Mullion,Curtain Wall Mullion with Cover - 50mm x 200mm,3070
Rectangular Mullion,Curtain Wall Mullion with Cover - 50mm x 200mm,1000
Rectangular Mullion,Curtain Wall Mullion with Cover - 50mm x 200mm,2870
Rectangular Mullion,Curtain Wall Mullion with Cover - 50mm x 200mm,1558
Rectangular Mullion,Curtain Wall Mullion with Cover - 50mm x 200mm,1560
Rectangular Mullion,Curtain Wall Mullion with Cover - 50mm x 200mm,1560
Rectangular Mullion,Curtain Wall Mullion with Cover - 50mm x 200mm,1560
Rectangular Mullion,Curtain Wall Mullion with Cover - 50mm x 200mm,3070
Rectangular Mullion,Curtain Wall Mullion with Cover - 50mm x 200mm,1000
Rectangular Mullion,Curtain Wall Mullion with Cover - 50mm x 200mm,2870
Rectangular Mullion,Curtain Wall Mullion with Cover - 50mm x 200mm,1556
Rectangular Mullion,Curtain Wall Mullion with Cover - 50mm x 200mm,1558
Rectangular Mullion,Curtain Wall Mullion with Cover - 50mm x 200mm,3070
Rectangular Mullion,Curtain Wall Mullion with Cover - 50mm x 200mm,2870
Rectangular Mullion,Curtain Wall Mullion with Cover - 50mm x 200mm,1560
Rectangular Mullion,Curtain Wall Mullion with Cover - 50mm x 200mm,1572
Rectangular Mullion,Curtain Wall Mullion with Cover - 50mm x 200mm,3070
Rectangular Mullion,Curtain Wall Mullion with Cover - 50mm x 200mm,1000
Rectangular Mullion,Curtain Wall Mullion with Cover - 50mm x 200mm,3070
Rectangular Mullion,Curtain Wall Mullion with Cover - 50mm x 200mm,1558
Rectangular Mullion,Curtain Wall Mullion with Cover - 50mm x 200mm,1572
Rectangular Mullion,Curtain Wall Mullion with Cover - 50mm x 200mm,1000
Rectangular Mullion,Curtain Wall Mullion with Cover - 50mm x 200mm,2870
Rectangular Mullion,Curtain Wall Mullion with Cover - 50mm x 200mm,1000
Rectangular Mullion,Curtain Wall Mullion with Cover - 50mm x 200mm,1558
Rectangular Mullion,Curtain Wall Mullion with Cover - 50mm x 200mm,1572
Rectangular Mullion,Curtain Wall Mullion with Cover - 50mm x 200mm,2870
Rectangular Mullion,Curtain Wall Mullion with Cover - 50mm x 200mm,1572
Rectangular Mullion,Curtain Wall Mullion with Cover - 50mm x 200mm,1556
Rectangular Mullion,Curtain Wall Mullion with Cover - 50mm x 200mm,1556
Rectangular Mullion,Curtain Wall Mullion with Cover - 50mm x 200mm,1556
Rectangular Mullion,Curtain Wall Mullion with Cover - 50mm x 200mm,3070
Rectangular Mullion,Curtain Wall Mullion with Cover - 50mm x 200mm,1000
Rectangular Mullion,Curtain Wall Mullion with Cover - 50mm x 200mm,2870
Rectangular Mullion,Curtain Wall Mullion with Cover - 50mm x 200mm,1558
Rectangular Mullion,Curtain Wall Mullion with Cover - 50mm x 200mm,1560
Rectangular Mullion,Curtain Wall Mullion with Cover - 50mm x 200mm,1560
Rectangular Mullion,Curtain Wall Mullion with Cover - 50mm x 200mm,1560
Rectangular Mullion,Curtain Wall Mullion with Cover - 50mm x 200mm,3070
Rectangular Mullion,Curtain Wall Mullion with Cover - 50mm x 200mm,1000
Rectangular Mullion,Curtain Wall Mullion with Cover - 50mm x 200mm,2870
Rectangular Mullion,Curtain Wall Mullion with Cover - 50mm x 200mm,1556
Rectangular Mullion,Curtain Wall Mullion with Cover - 50mm x 200mm,1557
Rectangular Mullion,Curtain Wall Mullion with Cover - 50mm x 200mm,3070
Rectangular Mullion,Curtain Wall Mullion with Cover - 50mm x 200mm,2870
Rectangular Mullion,Curtain Wall Mullion with Cover - 50mm x 200mm,1560
Rectangular Mullion,Curtain Wall Mullion with Cover - 50mm x 200mm,1572
Rectangular Mullion,Curtain Wall Mullion with Cover - 50mm x 200mm,3070
Rectangular Mullion,Curtain Wall Mullion with Cover - 50mm x 200mm,1000
Rectangular Mullion,Curtain Wall Mullion with Cover - 50mm x 200mm,3070
Rectangular Mullion,Curtain Wall Mullion with Cover - 50mm x 200mm,1557
Rectangular Mullion,Curtain Wall Mullion with Cover - 50mm x 200mm,1572
Rectangular Mullion,Curtain Wall Mullion with Cover - 50mm x 200mm,1000
Rectangular Mullion,Curtain Wall Mullion with Cover - 50mm x 200mm,2870
Rectangular Mullion,Curtain Wall Mullion with Cover - 50mm x 200mm,1000
Rectangular Mullion,Curtain Wall Mullion with Cover - 50mm x 200mm,1557
Rectangular Mullion,Curtain Wall Mullion with Cover - 50mm x 200mm,1572
Rectangular Mullion,Curtain Wall Mullion with Cover - 50mm x 200mm,2870
Rectangular Mullion,Curtain Wall Mullion with Cover - 50mm x 200mm,1572
Rectangular Mullion,Curtain Wall Mullion with Cover - 50mm x 200mm,1556
Rectangular Mullion,Curtain Wall Mullion with Cover - 50mm x 200mm,1556
Rectangular Mullion,Curtain Wall Mullion with Cover - 50mm x 200mm,1556
Rectangular Mullion,Curtain Wall Mullion with Cover - 50mm x 200mm,3070
Rectangular Mullion,Curtain Wall Mullion with Cover - 50mm x 200mm,1000
Rectangular Mullion,Curtain Wall Mullion with Cover - 50mm x 200mm,2870
Rectangular Mullion,Curtain Wall Mullion with Cover - 50mm x 200mm,1557
Rectangular Mullion,Curtain Wall Mullion with Cover - 50mm x 200mm,1560
Rectangular Mullion,Curtain Wall Mullion with Cover - 50mm x 200mm,1560
Rectangular Mullion,Curtain Wall Mullion with Cover - 50mm x 200mm,1560
Rectangular Mullion,Curtain Wall Mullion with Cover - 50mm x 200mm,3070
Rectangular Mullion,Curtain Wall Mullion with Cover - 50mm x 200mm,1000
Rectangular Mullion,Curtain Wall Mullion with Cover - 50mm x 200mm,2870
Rectangular Mullion,Curtain Wall Mullion with Cover - 50mm x 200mm,1659
Rectangular Mullion,Curtain Wall Mullion with Cover - 50mm x 200mm,1692
Rectangular Mullion,Curtain Wall Mullion with Cover - 50mm x 200mm,3070
Rectangular Mullion,Curtain Wall Mullion with Cover - 50mm x 200mm,2870
Rectangular Mullion,Curtain Wall Mullion with Cover - 50mm x 200mm,1692
Rectangular Mullion,Curtain Wall Mullion with Cover - 50mm x 200mm,1572
Rectangular Mullion,Curtain Wall Mullion with Cover - 50mm x 200mm,3070
Rectangular Mullion,Curtain Wall Mullion with Cover - 50mm x 200mm,1000
Rectangular Mullion,Curtain Wall Mullion with Cover - 50mm x 200mm,3070
Rectangular Mullion,Curtain Wall Mullion with Cover - 50mm x 200mm,1692
Rectangular Mullion,Curtain Wall Mullion with Cover - 50mm x 200mm,1572
Rectangular Mullion,Curtain Wall Mullion with Cover - 50mm x 200mm,1000
Rectangular Mullion,Curtain Wall Mullion with Cover - 50mm x 200mm,2870
Rectangular Mullion,Curtain Wall Mullion with Cover - 50mm x 200mm,1000
Rectangular Mullion,Curtain Wall Mullion with Cover - 50mm x 200mm,1692
Rectangular Mullion,Curtain Wall Mullion with Cover - 50mm x 200mm,1572
Rectangular Mullion,Curtain Wall Mullion with Cover - 50mm x 200mm,2870
Rectangular Mullion,Curtain Wall Mullion with Cover - 50mm x 200mm,1572
Rectangular Mullion,Curtain Wall Mullion with Cover - 50mm x 200mm,1659
Rectangular Mullion,Curtain Wall Mullion with Cover - 50mm x 200mm,1659
Rectangular Mullion,Curtain Wall Mullion with Cover - 50mm x 200mm,1659
Rectangular Mullion,Curtain Wall Mullion with Cover - 50mm x 200mm,3070
Rectangular Mullion,Curtain Wall Mullion with Cover - 50mm x 200mm,1000
Rectangular Mullion,Curtain Wall Mullion with Cover - 50mm x 200mm,2870
Rectangular Mullion,Curtain Wall Mullion with Cover - 50mm x 200mm,1562
Rectangular Mullion,Curtain Wall Mullion with Cover - 50mm x 200mm,1553
Rectangular Mullion,Curtain Wall Mullion with Cover - 50mm x 200mm,2870
Rectangular Mullion,Curtain Wall Mullion with Cover - 50mm x 200mm,2870
Rectangular Mullion,Curtain Wall Mullion with Cover - 50mm x 200mm,1569
Rectangular Mullion,Curtain Wall Mullion with Cover - 50mm x 200mm,1562
Rectangular Mullion,Curtain Wall Mullion with Cover - 50mm x 200mm,2870
Rectangular Mullion,Curtain Wall Mullion with Cover - 50mm x 200mm,1556
Rectangular Mullion,Curtain Wall Mullion with Cover - 50mm x 200mm,1558
Rectangular Mullion,Curtain Wall Mullion with Cover - 50mm x 200mm,2870
Rectangular Mullion,Curtain Wall Mullion with Cover - 50mm x 200mm,2870
Rectangular Mullion,Curtain Wall Mullion with Cover - 50mm x 200mm,1560
Rectangular Mullion,Curtain Wall Mullion with Cover - 50mm x 200mm,1572
Rectangular Mullion,Curtain Wall Mullion with Cover - 50mm x 200mm,2870
Rectangular Mullion,Curtain Wall Mullion with Cover - 50mm x 200mm,1567
Rectangular Mullion,Curtain Wall Mullion with Cover - 50mm x 200mm,1569
Rectangular Mullion,Curtain Wall Mullion with Cover - 50mm x 200mm,2870
Rectangular Mullion,Curtain Wall Mullion with Cover - 50mm x 200mm,1553
Rectangular Mullion,Curtain Wall Mullion with Cover - 50mm x 200mm,1567
Rectangular Mullion,Curtain Wall Mullion with Cover - 50mm x 200mm,2870
Rectangular Mullion,Curtain Wall Mullion with Cover - 50mm x 200mm,1572
Rectangular Mullion,Curtain Wall Mullion with Cover - 50mm x 200mm,1556
Rectangular Mullion,Curtain Wall Mullion with Cover - 50mm x 200mm,2870
Rectangular Mullion,Curtain Wall Mullion with Cover - 50mm x 200mm,1558
Rectangular Mullion,Curtain Wall Mullion with Cover - 50mm x 200mm,1560
Rectangular Mullion,Curtain Wall Mullion with Cover - 50mm x 200mm,2870
Rectangular Mullion,Curtain Wall Mullion with Cover - 50mm x 200mm,1556
Rectangular Mullion,Curtain Wall Mullion with Cover - 50mm x 200mm,1558
Rectangular Mullion,Curtain Wall Mullion with Cover - 50mm x 200mm,2870
Rectangular Mullion,Curtain Wall Mullion with Cover - 50mm x 200mm,2870
Rectangular Mullion,Curtain Wall Mullion with Cover - 50mm x 200mm,1560
Rectangular Mullion,Curtain Wall Mullion with Cover - 50mm x 200mm,1572
Rectangular Mullion,Curtain Wall Mullion with Cover - 50mm x 200mm,2870
Rectangular Mullion,Curtain Wall Mullion with Cover - 50mm x 200mm,1572
Rectangular Mullion,Curtain Wall Mullion with Cover - 50mm x 200mm,1556
Rectangular Mullion,Curtain Wall Mullion with Cover - 50mm x 200mm,2870
Rectangular Mullion,Curtain Wall Mullion with Cover - 50mm x 200mm,1558
Rectangular Mullion,Curtain Wall Mullion with Cover - 50mm x 200mm,1560
Rectangular Mullion,Curtain Wall Mullion with Cover - 50mm x 200mm,2870
Rectangular Mullion,Curtain Wall Mullion with Cover - 50mm x 200mm,1556
Rectangular Mullion,Curtain Wall Mullion with Cover - 50mm x 200mm,1557
Rectangular Mullion,Curtain Wall Mullion with Cover - 50mm x 200mm,2870
Rectangular Mullion,Curtain Wall Mullion with Cover - 50mm x 200mm,2870
Rectangular Mullion,Curtain Wall Mullion with Cover - 50mm x 200mm,1560
Rectangular Mullion,Curtain Wall Mullion with Cover - 50mm x 200mm,1572
Rectangular Mullion,Curtain Wall Mullion with Cover - 50mm x 200mm,2870
Rectangular Mullion,Curtain Wall Mullion with Cover - 50mm x 200mm,1572
Rectangular Mullion,Curtain Wall Mullion with Cover - 50mm x 200mm,1556
Rectangular Mullion,Curtain Wall Mullion with Cover - 50mm x 200mm,2870
Rectangular Mullion,Curtain Wall Mullion with Cover - 50mm x 200mm,1557
Rectangular Mullion,Curtain Wall Mullion with Cover - 50mm x 200mm,1560
Rectangular Mullion,Curtain Wall Mullion with Cover - 50mm x 200mm,2870
Rectangular Mullion,Curtain Wall Mullion with Cover - 50mm x 200mm,1659
Rectangular Mullion,Curtain Wall Mullion with Cover - 50mm x 200mm,1692
Rectangular Mullion,Curtain Wall Mullion with Cover - 50mm x 200mm,2870
Rectangular Mullion,Curtain Wall Mullion with Cover - 50mm x 200mm,2870
Rectangular Mullion,Curtain Wall Mullion with Cover - 50mm x 200mm,1692
Rectangular Mullion,Curtain Wall Mullion with Cover - 50mm x 200mm,1572
Rectangular Mullion,Curtain Wall Mullion with Cover - 50mm x 200mm,2870
Rectangular Mullion,Curtain Wall Mullion with Cover - 50mm x 200mm,1572
Rectangular Mullion,Curtain Wall Mullion with Cover - 50mm x 200mm,1659
Rectangular Mullion,Curtain Wall Mullion with Cover - 50mm x 200mm,2870
Rectangular Mullion,Curtain Wall Mullion with Cover - 50mm x 200mm,1242
Rectangular Mullion,Curtain Wall Mullion with Cover - 50mm x 200mm,1242
Rectangular Mullion,Curtain Wall Mullion with Cover - 50mm x 200mm,3070
Rectangular Mullion,Curtain Wall Mullion with Cover - 50mm x 200mm,2870
Rectangular Mullion,Curtain Wall Mullion with Cover - 50mm x 200mm,2870
Rectangular Mullion,Curtain Wall Mullion with Cover - 50mm x 200mm,1000
Rectangular Mullion,Curtain Wall Mullion with Cover - 50mm x 200mm,1242
Rectangular Mullion,Curtain Wall Mullion with Cover - 50mm x 200mm,1000
Rectangular Mullion,Curtain Wall Mullion with Cover - 50mm x 200mm,3070
Rectangular Mullion,Curtain Wall Mullion with Cover - 50mm x 200mm,1242
Rectangular Mullion,Curtain Wall Mullion with Cover - 50mm x 200mm,1562
Rectangular Mullion,Curtain Wall Mullion with Cover - 50mm x 200mm,1563
Rectangular Mullion,Curtain Wall Mullion with Cover - 50mm x 200mm,3070
Rectangular Mullion,Curtain Wall Mullion with Cover - 50mm x 200mm,2870
Rectangular Mullion,Curtain Wall Mullion with Cover - 50mm x 200mm,2870
Rectangular Mullion,Curtain Wall Mullion with Cover - 50mm x 200mm,1000
Rectangular Mullion,Curtain Wall Mullion with Cover - 50mm x 200mm,1563
Rectangular Mullion,Curtain Wall Mullion with Cover - 50mm x 200mm,1000
Rectangular Mullion,Curtain Wall Mullion with Cover - 50mm x 200mm,3070
Rectangular Mullion,Curtain Wall Mullion with Cover - 50mm x 200mm,1563
Rectangular Mullion,Curtain Wall Mullion with Cover - 50mm x 200mm,1563
Rectangular Mullion,Curtain Wall Mullion with Cover - 50mm x 200mm,1564
Rectangular Mullion,Curtain Wall Mullion with Cover - 50mm x 200mm,1564
Rectangular Mullion,Curtain Wall Mullion with Cover - 50mm x 200mm,1564
Rectangular Mullion,Curtain Wall Mullion with Cover - 50mm x 200mm,3070
Rectangular Mullion,Curtain Wall Mullion with Cover - 50mm x 200mm,1000
Rectangular Mullion,Curtain Wall Mullion with Cover - 50mm x 200mm,2870
Rectangular Mullion,Curtain Wall Mullion with Cover - 50mm x 200mm,1564
Rectangular Mullion,Curtain Wall Mullion with Cover - 50mm x 200mm,1564
Rectangular Mullion,Curtain Wall Mullion with Cover - 50mm x 200mm,1564
Rectangular Mullion,Curtain Wall Mullion with Cover - 50mm x 200mm,1564
Rectangular Mullion,Curtain Wall Mullion with Cover - 50mm x 200mm,3070
Rectangular Mullion,Curtain Wall Mullion with Cover - 50mm x 200mm,1000
Rectangular Mullion,Curtain Wall Mullion with Cover - 50mm x 200mm,2870
Rectangular Mullion,Curtain Wall Mullion with Cover - 50mm x 200mm,1564
Rectangular Mullion,Curtain Wall Mullion with Cover - 50mm x 200mm,1562
Rectangular Mullion,Curtain Wall Mullion with Cover - 50mm x 200mm,1562
Rectangular Mullion,Curtain Wall Mullion with Cover - 50mm x 200mm,1562
Rectangular Mullion,Curtain Wall Mullion with Cover - 50mm x 200mm,3070
Rectangular Mullion,Curtain Wall Mullion with Cover - 50mm x 200mm,1000
Rectangular Mullion,Curtain Wall Mullion with Cover - 50mm x 200mm,2870
Rectangular Mullion,Curtain Wall Mullion with Cover - 50mm x 200mm,1509
Rectangular Mullion,Curtain Wall Mullion with Cover - 50mm x 200mm,1563
Rectangular Mullion,Curtain Wall Mullion with Cover - 50mm x 200mm,3070
Rectangular Mullion,Curtain Wall Mullion with Cover - 50mm x 200mm,2870
Rectangular Mullion,Curtain Wall Mullion with Cover - 50mm x 200mm,2870
Rectangular Mullion,Curtain Wall Mullion with Cover - 50mm x 200mm,1000
Rectangular Mullion,Curtain Wall Mullion with Cover - 50mm x 200mm,1563
Rectangular Mullion,Curtain Wall Mullion with Cover - 50mm x 200mm,1000
Rectangular Mullion,Curtain Wall Mullion with Cover - 50mm x 200mm,3070
Rectangular Mullion,Curtain Wall Mullion with Cover - 50mm x 200mm,1563
Rectangular Mullion,Curtain Wall Mullion with Cover - 50mm x 200mm,1563
Rectangular Mullion,Curtain Wall Mullion with Cover - 50mm x 200mm,1566
Rectangular Mullion,Curtain Wall Mullion with Cover - 50mm x 200mm,1566
Rectangular Mullion,Curtain Wall Mullion with Cover - 50mm x 200mm,1566
Rectangular Mullion,Curtain Wall Mullion with Cover - 50mm x 200mm,3070
Rectangular Mullion,Curtain Wall Mullion with Cover - 50mm x 200mm,1000
Rectangular Mullion,Curtain Wall Mullion with Cover - 50mm x 200mm,2870
Rectangular Mullion,Curtain Wall Mullion with Cover - 50mm x 200mm,1566
Rectangular Mullion,Curtain Wall Mullion with Cover - 50mm x 200mm,1564
Rectangular Mullion,Curtain Wall Mullion with Cover - 50mm x 200mm,1564
Rectangular Mullion,Curtain Wall Mullion with Cover - 50mm x 200mm,1564
Rectangular Mullion,Curtain Wall Mullion with Cover - 50mm x 200mm,3070
Rectangular Mullion,Curtain Wall Mullion with Cover - 50mm x 200mm,1000
Rectangular Mullion,Curtain Wall Mullion with Cover - 50mm x 200mm,2870
Rectangular Mullion,Curtain Wall Mullion with Cover - 50mm x 200mm,1564
Rectangular Mullion,Curtain Wall Mullion with Cover - 50mm x 200mm,1509
Rectangular Mullion,Curtain Wall Mullion with Cover - 50mm x 200mm,1509
Rectangular Mullion,Curtain Wall Mullion with Cover - 50mm x 200mm,1509
Rectangular Mullion,Curtain Wall Mullion with Cover - 50mm x 200mm,3070
Rectangular Mullion,Curtain Wall Mullion with Cover - 50mm x 200mm,1000
Rectangular Mullion,Curtain Wall Mullion with Cover - 50mm x 200mm,2870
Rectangular Mullion,Curtain Wall Mullion with Cover - 50mm x 200mm,1297
Rectangular Mullion,Curtain Wall Mullion with Cover - 50mm x 200mm,1171
Rectangular Mullion,Curtain Wall Mullion with Cover - 50mm x 200mm,3070
Rectangular Mullion,Curtain Wall Mullion with Cover - 50mm x 200mm,2870
Rectangular Mullion,Curtain Wall Mullion with Cover - 50mm x 200mm,2870
Rectangular Mullion,Curtain Wall Mullion with Cover - 50mm x 200mm,1000
Rectangular Mullion,Curtain Wall Mullion with Cover - 50mm x 200mm,1171
Rectangular Mullion,Curtain Wall Mullion with Cover - 50mm x 200mm,1000
Rectangular Mullion,Curtain Wall Mullion with Cover - 50mm x 200mm,3070
Rectangular Mullion,Curtain Wall Mullion with Cover - 50mm x 200mm,1171
Rectangular Mullion,Curtain Wall Mullion with Cover - 50mm x 200mm,1171
Rectangular Mullion,Curtain Wall Mullion with Cover - 50mm x 200mm,1297
Rectangular Mullion,Curtain Wall Mullion with Cover - 50mm x 200mm,1297
Rectangular Mullion,Curtain Wall Mullion with Cover - 50mm x 200mm,1297
Rectangular Mullion,Curtain Wall Mullion with Cover - 50mm x 200mm,3070
Rectangular Mullion,Curtain Wall Mullion with Cover - 50mm x 200mm,1000
Rectangular Mullion,Curtain Wall Mullion with Cover - 50mm x 200mm,2870
Rectangular Mullion,Curtain Wall Mullion with Cover - 50mm x 200mm,1242
Rectangular Mullion,Curtain Wall Mullion with Cover - 50mm x 200mm,1242
Rectangular Mullion,Curtain Wall Mullion with Cover - 50mm x 200mm,2870
Rectangular Mullion,Curtain Wall Mullion with Cover - 50mm x 200mm,2870
Rectangular Mullion,Curtain Wall Mullion with Cover - 50mm x 200mm,1562
Rectangular Mullion,Curtain Wall Mullion with Cover - 50mm x 200mm,1563
Rectangular Mullion,Curtain Wall Mullion with Cover - 50mm x 200mm,2870
Rectangular Mullion,Curtain Wall Mullion with Cover - 50mm x 200mm,2870
Rectangular Mullion,Curtain Wall Mullion with Cover - 50mm x 200mm,1563
Rectangular Mullion,Curtain Wall Mullion with Cover - 50mm x 200mm,1564
Rectangular Mullion,Curtain Wall Mullion with Cover - 50mm x 200mm,2870
Rectangular Mullion,Curtain Wall Mullion with Cover - 50mm x 200mm,1564
Rectangular Mullion,Curtain Wall Mullion with Cover - 50mm x 200mm,1564
Rectangular Mullion,Curtain Wall Mullion with Cover - 50mm x 200mm,2870
Rectangular Mullion,Curtain Wall Mullion with Cover - 50mm x 200mm,1564
Rectangular Mullion,Curtain Wall Mullion with Cover - 50mm x 200mm,1562
Rectangular Mullion,Curtain Wall Mullion with Cover - 50mm x 200mm,2870
Rectangular Mullion,Curtain Wall Mullion with Cover - 50mm x 200mm,1509
Rectangular Mullion,Curtain Wall Mullion with Cover - 50mm x 200mm,1563
Rectangular Mullion,Curtain Wall Mullion with Cover - 50mm x 200mm,2870
Rectangular Mullion,Curtain Wall Mullion with Cover - 50mm x 200mm,2870
Rectangular Mullion,Curtain Wall Mullion with Cover - 50mm x 200mm,1563
Rectangular Mullion,Curtain Wall Mullion with Cover - 50mm x 200mm,1566
Rectangular Mullion,Curtain Wall Mullion with Cover - 50mm x 200mm,2870
Rectangular Mullion,Curtain Wall Mullion with Cover - 50mm x 200mm,1566
Rectangular Mullion,Curtain Wall Mullion with Cover - 50mm x 200mm,1564
Rectangular Mullion,Curtain Wall Mullion with Cover - 50mm x 200mm,2870
Rectangular Mullion,Curtain Wall Mullion with Cover - 50mm x 200mm,1564
Rectangular Mullion,Curtain Wall Mullion with Cover - 50mm x 200mm,1509
Rectangular Mullion,Curtain Wall Mullion with Cover - 50mm x 200mm,2870
Rectangular Mullion,Curtain Wall Mullion with Cover - 50mm x 200mm,1297
Rectangular Mullion,Curtain Wall Mullion with Cover - 50mm x 200mm,1171
Rectangular Mullion,Curtain Wall Mullion with Cover - 50mm x 200mm,2870
Rectangular Mullion,Curtain Wall Mullion with Cover - 50mm x 200mm,2870
Rectangular Mullion,Curtain Wall Mullion with Cover - 50mm x 200mm,1171
Rectangular Mullion,Curtain Wall Mullion with Cover - 50mm x 200mm,1297
Rectangular Mullion,Curtain Wall Mullion with Cover - 50mm x 200mm,2870
Rectangular Mullion,Curtain Wall Mullion with Cover - 50mm x 200mm,1182
Rectangular Mullion,Curtain Wall Mullion with Cover - 50mm x 200mm,1125
Rectangular Mullion,Curtain Wall Mullion with Cover - 50mm x 200mm,15380
Rectangular Mullion,Curtain Wall Mullion with Cover - 50mm x 200mm,15380
Rectangular Mullion,Curtain Wall Mullion with Cover - 50mm x 200mm,1125
Rectangular Mullion,Curtain Wall Mullion with Cover - 50mm x 200mm,1150
Rectangular Mullion,Curtain Wall Mullion with Cover - 50mm x 200mm,15380
Rectangular Mullion,Curtain Wall Mullion with Cover - 50mm x 200mm,1150
Rectangular Mullion,Curtain Wall Mullion with Cover - 50mm x 200mm,1150
Rectangular Mullion,Curtain Wall Mullion with Cover - 50mm x 200mm,15380
Rectangular Mullion,Curtain Wall Mullion with Cover - 50mm x 200mm,1150
Rectangular Mullion,Curtain Wall Mullion with Cover - 50mm x 200mm,1150
Rectangular Mullion,Curtain Wall Mullion with Cover - 50mm x 200mm,15380
Rectangular Mullion,Curtain Wall Mullion with Cover - 50mm x 200mm,1150
Rectangular Mullion,Curtain Wall Mullion with Cover - 50mm x 200mm,1150
Rectangular Mullion,Curtain Wall Mullion with Cover - 50mm x 200mm,15380
Rectangular Mullion,Curtain Wall Mullion with Cover - 50mm x 200mm,1150
Rectangular Mullion,Curtain Wall Mullion with Cover - 50mm x 200mm,1182
Rectangular Mullion,Curtain Wall Mullion with Cover - 50mm x 200mm,15380
Rectangular Mullion,Curtain Wall Mullion with Cover - 70mm x 400mm,15628
Rectangular Mullion,Curtain Wall Mullion with Cover - 70mm x 400mm,15628
Rectangular Mullion,Curtain Wall Mullion with Cover - 70mm x 400mm,15628
Rectangular Mullion,Curtain Wall Mullion with Cover - 70mm x 400mm,15628
Rectangular Mullion,Curtain Wall Mullion with Cover - 70mm x 400mm,15628
Rectangular Mullion,Curtain Wall Mullion with Cover - 70mm x 400mm,15628
Rectangular Mullion,Curtain Wall Mullion with Cover - 70mm x 400mm,15628
Rectangular Mullion,Curtain Wall Mullion with Cover - 50mm x 200mm,945
Rectangular Mullion,Curtain Wall Mullion with Cover - 50mm x 200mm,945
Rectangular Mullion,Curtain Wall Mullion with Cover - 50mm x 200mm,14050
Rectangular Mullion,Curtain Wall Mullion with Cover - 50mm x 200mm,14050
Rectangular Mullion,Curtain Wall Mullion with Cover - 50mm x 200mm,979
Rectangular Mullion,Curtain Wall Mullion with Cover - 50mm x 200mm,979
Rectangular Mullion,Curtain Wall Mullion with Cover - 50mm x 200mm,3070
Rectangular Mullion,Curtain Wall Mullion with Cover - 50mm x 200mm,2870
Rectangular Mullion,Curtain Wall Mullion with Cover - 50mm x 200mm,2870
Rectangular Mullion,Curtain Wall Mullion with Cover - 50mm x 200mm,1000
Rectangular Mullion,Curtain Wall Mullion with Cover - 50mm x 200mm,979
Rectangular Mullion,Curtain Wall Mullion with Cover - 50mm x 200mm,1000
Rectangular Mullion,Curtain Wall Mullion with Cover - 50mm x 200mm,3070
Rectangular Mullion,Curtain Wall Mullion with Cover - 50mm x 200mm,979
Rectangular Mullion,Curtain Wall Mullion with Cover - 50mm x 200mm,900
Rectangular Mullion,Curtain Wall Mullion with Cover - 50mm x 200mm,900
Rectangular Mullion,Curtain Wall Mullion with Cover - 50mm x 200mm,3070
Rectangular Mullion,Curtain Wall Mullion with Cover - 50mm x 200mm,2870
Rectangular Mullion,Curtain Wall Mullion with Cover - 50mm x 200mm,2870
Rectangular Mullion,Curtain Wall Mullion with Cover - 50mm x 200mm,1000
Rectangular Mullion,Curtain Wall Mullion with Cover - 50mm x 200mm,900
Rectangular Mullion,Curtain Wall Mullion with Cover - 50mm x 200mm,1000
Rectangular Mullion,Curtain Wall Mullion with Cover - 50mm x 200mm,3070
Rectangular Mullion,Curtain Wall Mullion with Cover - 50mm x 200mm,900
Rectangular Mullion,Curtain Wall Mullion with Cover - 50mm x 200mm,979
Rectangular Mullion,Curtain Wall Mullion with Cover - 50mm x 200mm,979
Rectangular Mullion,Curtain Wall Mullion with Cover - 50mm x 200mm,979
Rectangular Mullion,Curtain Wall Mullion with Cover - 50mm x 200mm,979
Rectangular Mullion,Curtain Wall Mullion with Cover - 50mm x 200mm,3070
Rectangular Mullion,Curtain Wall Mullion with Cover - 50mm x 200mm,1000
Rectangular Mullion,Curtain Wall Mullion with Cover - 50mm x 200mm,2870
Rectangular Mullion,Curtain Wall Mullion with Cover - 50mm x 200mm,979
Rectangular Mullion,Curtain Wall Mullion with Cover - 50mm x 200mm,979
Rectangular Mullion,Curtain Wall Mullion with Cover - 50mm x 200mm,3070
Rectangular Mullion,Curtain Wall Mullion with Cover - 50mm x 200mm,10260
Rectangular Mullion,Curtain Wall Mullion with Cover - 50mm x 200mm,10260
Rectangular Mullion,Curtain Wall Mullion with Cover - 50mm x 200mm,1000
Rectangular Mullion,Curtain Wall Mullion with Cover - 50mm x 200mm,979
Rectangular Mullion,Curtain Wall Mullion with Cover - 50mm x 200mm,1000
Rectangular Mullion,Curtain Wall Mullion with Cover - 50mm x 200mm,3070
Rectangular Mullion,Curtain Wall Mullion with Cover - 50mm x 200mm,979
Rectangular Mullion,Curtain Wall Mullion with Cover - 50mm x 200mm,979
Rectangular Mullion,Curtain Wall Mullion with Cover - 50mm x 200mm,979
Rectangular Mullion,Curtain Wall Mullion with Cover - 50mm x 200mm,979
Rectangular Mullion,Curtain Wall Mullion with Cover - 50mm x 200mm,979
Rectangular Mullion,Curtain Wall Mullion with Cover - 50mm x 200mm,3070
Rectangular Mullion,Curtain Wall Mullion with Cover - 50mm x 200mm,1000
Rectangular Mullion,Curtain Wall Mullion with Cover - 50mm x 200mm,10260
Rectangular Mullion,50mm x 200mm,2100
Rectangular Mullion,50mm x 200mm,500
Rectangular Mullion,50mm x 200mm,1298
Rectangular Mullion,50mm x 200mm,825
Rectangular Mullion,50mm x 200mm,300
Rectangular Mullion,50mm x 200mm,1298
Rectangular Mullion,50mm x 200mm,2100
Rectangular Mullion,50mm x 200mm,1500
Rectangular Mullion,50mm x 200mm,300
Rectangular Mullion,50mm x 200mm,2100
Rectangular Mullion,50mm x 200mm,850
Rectangular Mullion,50mm x 200mm,1500
Rectangular Mullion,50mm x 200mm,2100
Rectangular Mullion,50mm x 200mm,825
Rectangular Mullion,50mm x 200mm,850
Rectangular Mullion,50mm x 200mm,2100
Rectangular Mullion,50mm x 200mm,500
Rectangular Mullion,50mm x 200mm,2100
Rectangular Mullion,50mm x 200mm,825
Rectangular Mullion,50mm x 200mm,850
Rectangular Mullion,50mm x 200mm,1500
Rectangular Mullion,50mm x 200mm,300
Rectangular Mullion,50mm x 200mm,1298
Rectangular Mullion,50mm x 200mm,500
Rectangular Mullion,50mm x 200mm,500
Rectangular Mullion,50mm x 200mm,500
Rectangular Mullion,50mm x 200mm,500
Rectangular Mullion,Curtain Wall Mullion with Cover - 50mm x 200mm,1556
Rectangular Mullion,Curtain Wall Mullion with Cover - 50mm x 200mm,1558
Rectangular Mullion,Curtain Wall Mullion with Cover - 50mm x 200mm,1500
Rectangular Mullion,Curtain Wall Mullion with Cover - 50mm x 200mm,1500
Rectangular Mullion,Curtain Wall Mullion with Cover - 50mm x 200mm,1560
Rectangular Mullion,Curtain Wall Mullion with Cover - 50mm x 200mm,1572
Rectangular Mullion,Curtain Wall Mullion with Cover - 50mm x 200mm,1500
Rectangular Mullion,Curtain Wall Mullion with Cover - 50mm x 200mm,1572
Rectangular Mullion,Curtain Wall Mullion with Cover - 50mm x 200mm,1556
Rectangular Mullion,Curtain Wall Mullion with Cover - 50mm x 200mm,1500
Rectangular Mullion,Curtain Wall Mullion with Cover - 50mm x 200mm,1558
Rectangular Mullion,Curtain Wall Mullion with Cover - 50mm x 200mm,1560
Rectangular Mullion,Curtain Wall Mullion with Cover - 50mm x 200mm,1500
Rectangular Mullion,Curtain Wall Mullion with Cover - 50mm x 200mm,1556
Rectangular Mullion,Curtain Wall Mullion with Cover - 50mm x 200mm,1558
Rectangular Mullion,Curtain Wall Mullion with Cover - 50mm x 200mm,1725
Rectangular Mullion,Curtain Wall Mullion with Cover - 50mm x 200mm,1725
Rectangular Mullion,Curtain Wall Mullion with Cover - 50mm x 200mm,1560
Rectangular Mullion,Curtain Wall Mullion with Cover - 50mm x 200mm,1572
Rectangular Mullion,Curtain Wall Mullion with Cover - 50mm x 200mm,1725
Rectangular Mullion,Curtain Wall Mullion with Cover - 50mm x 200mm,1572
Rectangular Mullion,Curtain Wall Mullion with Cover - 50mm x 200mm,1556
Rectangular Mullion,Curtain Wall Mullion with Cover - 50mm x 200mm,1725
Rectangular Mullion,Curtain Wall Mullion with Cover - 50mm x 200mm,1558
Rectangular Mullion,Curtain Wall Mullion with Cover - 50mm x 200mm,1560
Rectangular Mullion,Curtain Wall Mullion with Cover - 50mm x 200mm,1725
Rectangular Mullion,Curtain Wall Mullion with Cover - 50mm x 200mm,1562
Rectangular Mullion,Curtain Wall Mullion with Cover - 50mm x 200mm,1553
Rectangular Mullion,Curtain Wall Mullion with Cover - 50mm x 200mm,1200
Rectangular Mullion,Curtain Wall Mullion with Cover - 50mm x 200mm,1200
Rectangular Mullion,Curtain Wall Mullion with Cover - 50mm x 200mm,1569
Rectangular Mullion,Curtain Wall Mullion with Cover - 50mm x 200mm,1562
Rectangular Mullion,Curtain Wall Mullion with Cover - 50mm x 200mm,1200
Rectangular Mullion,Curtain Wall Mullion with Cover - 50mm x 200mm,1567
Rectangular Mullion,Curtain Wall Mullion with Cover - 50mm x 200mm,1569
Rectangular Mullion,Curtain Wall Mullion with Cover - 50mm x 200mm,1200
Rectangular Mullion,Curtain Wall Mullion with Cover - 50mm x 200mm,1553
Rectangular Mullion,Curtain Wall Mullion with Cover - 50mm x 200mm,1567
Rectangular Mullion,Curtain Wall Mullion with Cover - 50mm x 200mm,1200
Rectangular Mullion,Curtain Wall Mullion with Cover - 50mm x 200mm,900
Rectangular Mullion,Curtain Wall Mullion with Cover - 50mm x 200mm,900
Rectangular Mullion,Curtain Wall Mullion with Cover - 50mm x 200mm,3070
Rectangular Mullion,Curtain Wall Mullion with Cover - 50mm x 200mm,10260
Rectangular Mullion,Curtain Wall Mullion with Cover - 50mm x 200mm,10260
Rectangular Mullion,Curtain Wall Mullion with Cover - 50mm x 200mm,1000
Rectangular Mullion,Curtain Wall Mullion with Cover - 50mm x 200mm,900
Rectangular Mullion,Curtain Wall Mullion with Cover - 50mm x 200mm,1000
Rectangular Mullion,Curtain Wall Mullion with Cover - 50mm x 200mm,3070
Rectangular Mullion,Curtain Wall Mullion with Cover - 50mm x 200mm,900
Rectangular Mullion,50 x 150mm,1112
Rectangular Mullion,50 x 150mm,1112
Rectangular Mullion,50 x 150mm,1137
Rectangular Mullion,50 x 150mm,1112
Rectangular Mullion,50 x 150mm,1137
Rectangular Mullion,50 x 150mm,1112
Rectangular Mullion,50 x 150mm,2400
Rectangular Mullion,50 x 150mm,500
Rectangular Mullion,50 x 150mm,500
Rectangular Mullion,50 x 150mm,2400
Rectangular Mullion,50 x 150mm,1112
Rectangular Mullion,50 x 150mm,1137
Rectangular Mullion,50 x 150mm,1112
Rectangular Mullion,50 x 150mm,2400
Rectangular Mullion,50 x 150mm,2400
Rectangular Mullion,50 x 150mm,500
Rectangular Mullion,50 x 150mm,500
Rectangular Mullion,50 x 150mm,1378
Rectangular Mullion,50 x 150mm,1378
Rectangular Mullion,50 x 150mm,1403
Rectangular Mullion,50 x 150mm,1403
Rectangular Mullion,50 x 150mm,1403
Rectangular Mullion,50 x 150mm,1378
Rectangular Mullion,50 x 150mm,1403
Rectangular Mullion,50 x 150mm,1403
Rectangular Mullion,50 x 150mm,1403
Rectangular Mullion,50 x 150mm,1378
Rectangular Mullion,50 x 150mm,2400
Rectangular Mullion,50 x 150mm,500
Rectangular Mullion,50 x 150mm,500
Rectangular Mullion,50 x 150mm,2400
Rectangular Mullion,50 x 150mm,1378
Rectangular Mullion,50 x 150mm,1403
Rectangular Mullion,50 x 150mm,1403
Rectangular Mullion,50 x 150mm,1403
Rectangular Mullion,50 x 150mm,1378
Rectangular Mullion,50 x 150mm,2400
Rectangular Mullion,50 x 150mm,2400
Rectangular Mullion,50 x 150mm,2400
Rectangular Mullion,50 x 150mm,2400
Rectangular Mullion,50 x 150mm,500
Rectangular Mullion,50 x 150mm,500
Rectangular Mullion,50 x 150mm,500
Rectangular Mullion,50 x 150mm,500
Rectangular Mullion,50 x 150mm,225
Rectangular Mullion,50 x 150mm,1035
Rectangular Mullion,50 x 150mm,2400
Rectangular Mullion,50 x 150mm,500
Rectangular Mullion,50 x 150mm,500
Rectangular Mullion,50 x 150mm,2400
Rectangular Mullion,50 x 150mm,1035
Rectangular Mullion,50 x 150mm,1035
Rectangular Mullion,50 x 150mm,225
Rectangular Mullion,50 x 150mm,225
Rectangular Mullion,50 x 150mm,2400
Rectangular Mullion,50 x 150mm,500
Rectangular Mullion,Curtain Wall Mullion with Cover - 50mm x 200mm,1562
Rectangular Mullion,Curtain Wall Mullion with Cover - 50mm x 200mm,1553
Rectangular Mullion,Curtain Wall Mullion with Cover - 50mm x 200mm,2870
Rectangular Mullion,Curtain Wall Mullion with Cover - 50mm x 200mm,2870
Rectangular Mullion,Curtain Wall Mullion with Cover - 50mm x 200mm,1569
Rectangular Mullion,Curtain Wall Mullion with Cover - 50mm x 200mm,1562
Rectangular Mullion,Curtain Wall Mullion with Cover - 50mm x 200mm,2870
Rectangular Mullion,Curtain Wall Mullion with Cover - 50mm x 200mm,1567
Rectangular Mullion,Curtain Wall Mullion with Cover - 50mm x 200mm,1569
Rectangular Mullion,Curtain Wall Mullion with Cover - 50mm x 200mm,2870
Rectangular Mullion,Curtain Wall Mullion with Cover - 50mm x 200mm,1553
Rectangular Mullion,Curtain Wall Mullion with Cover - 50mm x 200mm,1567
Rectangular Mullion,Curtain Wall Mullion with Cover - 50mm x 200mm,2870
Rectangular Mullion,Curtain Wall Mullion with Cover - 50mm x 200mm,1556
Rectangular Mullion,Curtain Wall Mullion with Cover - 50mm x 200mm,1558
Rectangular Mullion,Curtain Wall Mullion with Cover - 50mm x 200mm,2870
Rectangular Mullion,Curtain Wall Mullion with Cover - 50mm x 200mm,2870
Rectangular Mullion,Curtain Wall Mullion with Cover - 50mm x 200mm,1560
Rectangular Mullion,Curtain Wall Mullion with Cover - 50mm x 200mm,1572
Rectangular Mullion,Curtain Wall Mullion with Cover - 50mm x 200mm,2870
Rectangular Mullion,Curtain Wall Mullion with Cover - 50mm x 200mm,1572
Rectangular Mullion,Curtain Wall Mullion with Cover - 50mm x 200mm,1556
Rectangular Mullion,Curtain Wall Mullion with Cover - 50mm x 200mm,2870
Rectangular Mullion,Curtain Wall Mullion with Cover - 50mm x 200mm,1558
Rectangular Mullion,Curtain Wall Mullion with Cover - 50mm x 200mm,1560
Rectangular Mullion,Curtain Wall Mullion with Cover - 50mm x 200mm,2870
Rectangular Mullion,Curtain Wall Mullion with Cover - 50mm x 200mm,1556
Rectangular Mullion,Curtain Wall Mullion with Cover - 50mm x 200mm,1558
Rectangular Mullion,Curtain Wall Mullion with Cover - 50mm x 200mm,2870
Rectangular Mullion,Curtain Wall Mullion with Cover - 50mm x 200mm,2870
Rectangular Mullion,Curtain Wall Mullion with Cover - 50mm x 200mm,1560
Rectangular Mullion,Curtain Wall Mullion with Cover - 50mm x 200mm,1572
Rectangular Mullion,Curtain Wall Mullion with Cover - 50mm x 200mm,2870
Rectangular Mullion,Curtain Wall Mullion with Cover - 50mm x 200mm,1572
Rectangular Mullion,Curtain Wall Mullion with Cover - 50mm x 200mm,1556
Rectangular Mullion,Curtain Wall Mullion with Cover - 50mm x 200mm,2870
Rectangular Mullion,Curtain Wall Mullion with Cover - 50mm x 200mm,1558
Rectangular Mullion,Curtain Wall Mullion with Cover - 50mm x 200mm,1560
Rectangular Mullion,Curtain Wall Mullion with Cover - 50mm x 200mm,2870
Rectangular Mullion,Curtain Wall Mullion with Cover - 50mm x 200mm,1556
Rectangular Mullion,Curtain Wall Mullion with Cover - 50mm x 200mm,1558
Rectangular Mullion,Curtain Wall Mullion with Cover - 50mm x 200mm,2870
Rectangular Mullion,Curtain Wall Mullion with Cover - 50mm x 200mm,2870
Rectangular Mullion,Curtain Wall Mullion with Cover - 50mm x 200mm,1560
Rectangular Mullion,Curtain Wall Mullion with Cover - 50mm x 200mm,1572
Rectangular Mullion,Curtain Wall Mullion with Cover - 50mm x 200mm,2870
Rectangular Mullion,Curtain Wall Mullion with Cover - 50mm x 200mm,1572
Rectangular Mullion,Curtain Wall Mullion with Cover - 50mm x 200mm,1556
Rectangular Mullion,Curtain Wall Mullion with Cover - 50mm x 200mm,2870
Rectangular Mullion,Curtain Wall Mullion with Cover - 50mm x 200mm,1558
Rectangular Mullion,Curtain Wall Mullion with Cover - 50mm x 200mm,1560
Rectangular Mullion,Curtain Wall Mullion with Cover - 50mm x 200mm,2870
Rectangular Mullion,Curtain Wall Mullion with Cover - 50mm x 200mm,1556
Rectangular Mullion,Curtain Wall Mullion with Cover - 50mm x 200mm,1558
Rectangular Mullion,Curtain Wall Mullion with Cover - 50mm x 200mm,2870
Rectangular Mullion,Curtain Wall Mullion with Cover - 50mm x 200mm,2870
Rectangular Mullion,Curtain Wall Mullion with Cover - 50mm x 200mm,1560
Rectangular Mullion,Curtain Wall Mullion with Cover - 50mm x 200mm,1572
Rectangular Mullion,Curtain Wall Mullion with Cover - 50mm x 200mm,2870
Rectangular Mullion,Curtain Wall Mullion with Cover - 50mm x 200mm,1572
Rectangular Mullion,Curtain Wall Mullion with Cover - 50mm x 200mm,1556
Rectangular Mullion,Curtain Wall Mullion with Cover - 50mm x 200mm,2870
Rectangular Mullion,Curtain Wall Mullion with Cover - 50mm x 200mm,1558
Rectangular Mullion,Curtain Wall Mullion with Cover - 50mm x 200mm,1560
Rectangular Mullion,Curtain Wall Mullion with Cover - 50mm x 200mm,2870
Rectangular Mullion,Curtain Wall Mullion with Cover - 50mm x 200mm,1556
Rectangular Mullion,Curtain Wall Mullion with Cover - 50mm x 200mm,1558
Rectangular Mullion,Curtain Wall Mullion with Cover - 50mm x 200mm,2870
Rectangular Mullion,Curtain Wall Mullion with Cover - 50mm x 200mm,2870
Rectangular Mullion,Curtain Wall Mullion with Cover - 50mm x 200mm,1560
Rectangular Mullion,Curtain Wall Mullion with Cover - 50mm x 200mm,1572
Rectangular Mullion,Curtain Wall Mullion with Cover - 50mm x 200mm,2870
Rectangular Mullion,Curtain Wall Mullion with Cover - 50mm x 200mm,1572
Rectangular Mullion,Curtain Wall Mullion with Cover - 50mm x 200mm,1556
Rectangular Mullion,Curtain Wall Mullion with Cover - 50mm x 200mm,2870
Rectangular Mullion,Curtain Wall Mullion with Cover - 50mm x 200mm,1558
Rectangular Mullion,Curtain Wall Mullion with Cover - 50mm x 200mm,1560
Rectangular Mullion,Curtain Wall Mullion with Cover - 50mm x 200mm,2870
Rectangular Mullion,Curtain Wall Mullion with Cover - 50mm x 200mm,1562
Rectangular Mullion,Curtain Wall Mullion with Cover - 50mm x 200mm,1553
Rectangular Mullion,Curtain Wall Mullion with Cover - 50mm x 200mm,2870
Rectangular Mullion,Curtain Wall Mullion with Cover - 50mm x 200mm,2870
Rectangular Mullion,Curtain Wall Mullion with Cover - 50mm x 200mm,1569
Rectangular Mullion,Curtain Wall Mullion with Cover - 50mm x 200mm,1562
Rectangular Mullion,Curtain Wall Mullion with Cover - 50mm x 200mm,2870
Rectangular Mullion,Curtain Wall Mullion with Cover - 50mm x 200mm,1567
Rectangular Mullion,Curtain Wall Mullion with Cover - 50mm x 200mm,1569
Rectangular Mullion,Curtain Wall Mullion with Cover - 50mm x 200mm,2870
Rectangular Mullion,Curtain Wall Mullion with Cover - 50mm x 200mm,1553
Rectangular Mullion,Curtain Wall Mullion with Cover - 50mm x 200mm,1567
Rectangular Mullion,Curtain Wall Mullion with Cover - 50mm x 200mm,2870
Rectangular Mullion,Curtain Wall Mullion with Cover - 50mm x 200mm,1562
Rectangular Mullion,Curtain Wall Mullion with Cover - 50mm x 200mm,1553
Rectangular Mullion,Curtain Wall Mullion with Cover - 50mm x 200mm,2870
Rectangular Mullion,Curtain Wall Mullion with Cover - 50mm x 200mm,2870
Rectangular Mullion,Curtain Wall Mullion with Cover - 50mm x 200mm,1569
Rectangular Mullion,Curtain Wall Mullion with Cover - 50mm x 200mm,1562
Rectangular Mullion,Curtain Wall Mullion with Cover - 50mm x 200mm,2870
Rectangular Mullion,Curtain Wall Mullion with Cover - 50mm x 200mm,1567
Rectangular Mullion,Curtain Wall Mullion with Cover - 50mm x 200mm,1569
Rectangular Mullion,Curtain Wall Mullion with Cover - 50mm x 200mm,2870
Rectangular Mullion,Curtain Wall Mullion with Cover - 50mm x 200mm,1553
Rectangular Mullion,Curtain Wall Mullion with Cover - 50mm x 200mm,1567
Rectangular Mullion,Curtain Wall Mullion with Cover - 50mm x 200mm,2870
Rectangular Mullion,Curtain Wall Mullion with Cover - 50mm x 200mm,1556
Rectangular Mullion,Curtain Wall Mullion with Cover - 50mm x 200mm,1558
Rectangular Mullion,Curtain Wall Mullion with Cover - 50mm x 200mm,2870
Rectangular Mullion,Curtain Wall Mullion with Cover - 50mm x 200mm,2870
Rectangular Mullion,Curtain Wall Mullion with Cover - 50mm x 200mm,1560
Rectangular Mullion,Curtain Wall Mullion with Cover - 50mm x 200mm,1572
Rectangular Mullion,Curtain Wall Mullion with Cover - 50mm x 200mm,2870
Rectangular Mullion,Curtain Wall Mullion with Cover - 50mm x 200mm,1572
Rectangular Mullion,Curtain Wall Mullion with Cover - 50mm x 200mm,1556
Rectangular Mullion,Curtain Wall Mullion with Cover - 50mm x 200mm,2870
Rectangular Mullion,Curtain Wall Mullion with Cover - 50mm x 200mm,1558
Rectangular Mullion,Curtain Wall Mullion with Cover - 50mm x 200mm,1560
Rectangular Mullion,Curtain Wall Mullion with Cover - 50mm x 200mm,2870
Rectangular Mullion,Curtain Wall Mullion with Cover - 50mm x 200mm,1556
Rectangular Mullion,Curtain Wall Mullion with Cover - 50mm x 200mm,1557
Rectangular Mullion,Curtain Wall Mullion with Cover - 50mm x 200mm,2870
Rectangular Mullion,Curtain Wall Mullion with Cover - 50mm x 200mm,2870
Rectangular Mullion,Curtain Wall Mullion with Cover - 50mm x 200mm,1560
Rectangular Mullion,Curtain Wall Mullion with Cover - 50mm x 200mm,1572
Rectangular Mullion,Curtain Wall Mullion with Cover - 50mm x 200mm,2870
Rectangular Mullion,Curtain Wall Mullion with Cover - 50mm x 200mm,1572
Rectangular Mullion,Curtain Wall Mullion with Cover - 50mm x 200mm,1556
Rectangular Mullion,Curtain Wall Mullion with Cover - 50mm x 200mm,2870
Rectangular Mullion,Curtain Wall Mullion with Cover - 50mm x 200mm,1557
Rectangular Mullion,Curtain Wall Mullion with Cover - 50mm x 200mm,1560
Rectangular Mullion,Curtain Wall Mullion with Cover - 50mm x 200mm,2870
Rectangular Mullion,Curtain Wall Mullion with Cover - 50mm x 200mm,1556
Rectangular Mullion,Curtain Wall Mullion with Cover - 50mm x 200mm,1557
Rectangular Mullion,Curtain Wall Mullion with Cover - 50mm x 200mm,2870
Rectangular Mullion,Curtain Wall Mullion with Cover - 50mm x 200mm,2870
Rectangular Mullion,Curtain Wall Mullion with Cover - 50mm x 200mm,1560
Rectangular Mullion,Curtain Wall Mullion with Cover - 50mm x 200mm,1572
Rectangular Mullion,Curtain Wall Mullion with Cover - 50mm x 200mm,2870
Rectangular Mullion,Curtain Wall Mullion with Cover - 50mm x 200mm,1572
Rectangular Mullion,Curtain Wall Mullion with Cover - 50mm x 200mm,1556
Rectangular Mullion,Curtain Wall Mullion with Cover - 50mm x 200mm,2870
Rectangular Mullion,Curtain Wall Mullion with Cover - 50mm x 200mm,1557
Rectangular Mullion,Curtain Wall Mullion with Cover - 50mm x 200mm,1560
Rectangular Mullion,Curtain Wall Mullion with Cover - 50mm x 200mm,2870
Rectangular Mullion,Curtain Wall Mullion with Cover - 50mm x 200mm,1556
Rectangular Mullion,Curtain Wall Mullion with Cover - 50mm x 200mm,1557
Rectangular Mullion,Curtain Wall Mullion with Cover - 50mm x 200mm,2870
Rectangular Mullion,Curtain Wall Mullion with Cover - 50mm x 200mm,2870
Rectangular Mullion,Curtain Wall Mullion with Cover - 50mm x 200mm,1560
Rectangular Mullion,Curtain Wall Mullion with Cover - 50mm x 200mm,1572
Rectangular Mullion,Curtain Wall Mullion with Cover - 50mm x 200mm,2870
Rectangular Mullion,Curtain Wall Mullion with Cover - 50mm x 200mm,1572
Rectangular Mullion,Curtain Wall Mullion with Cover - 50mm x 200mm,1556
Rectangular Mullion,Curtain Wall Mullion with Cover - 50mm x 200mm,2870
Rectangular Mullion,Curtain Wall Mullion with Cover - 50mm x 200mm,1557
Rectangular Mullion,Curtain Wall Mullion with Cover - 50mm x 200mm,1560
Rectangular Mullion,Curtain Wall Mullion with Cover - 50mm x 200mm,2870
Rectangular Mullion,Curtain Wall Mullion with Cover - 50mm x 200mm,1659
Rectangular Mullion,Curtain Wall Mullion with Cover - 50mm x 200mm,1692
Rectangular Mullion,Curtain Wall Mullion with Cover - 50mm x 200mm,2870
Rectangular Mullion,Curtain Wall Mullion with Cover - 50mm x 200mm,2870
Rectangular Mullion,Curtain Wall Mullion with Cover - 50mm x 200mm,1692
Rectangular Mullion,Curtain Wall Mullion with Cover - 50mm x 200mm,1572
Rectangular Mullion,Curtain Wall Mullion with Cover - 50mm x 200mm,2870
Rectangular Mullion,Curtain Wall Mullion with Cover - 50mm x 200mm,1572
Rectangular Mullion,Curtain Wall Mullion with Cover - 50mm x 200mm,1659
Rectangular Mullion,Curtain Wall Mullion with Cover - 50mm x 200mm,2870
Rectangular Mullion,Curtain Wall Mullion with Cover - 50mm x 200mm,1659
Rectangular Mullion,Curtain Wall Mullion with Cover - 50mm x 200mm,1692
Rectangular Mullion,Curtain Wall Mullion with Cover - 50mm x 200mm,2870
Rectangular Mullion,Curtain Wall Mullion with Cover - 50mm x 200mm,2870
Rectangular Mullion,Curtain Wall Mullion with Cover - 50mm x 200mm,1692
Rectangular Mullion,Curtain Wall Mullion with Cover - 50mm x 200mm,1572
Rectangular Mullion,Curtain Wall Mullion with Cover - 50mm x 200mm,2870
Rectangular Mullion,Curtain Wall Mullion with Cover - 50mm x 200mm,1572
Rectangular Mullion,Curtain Wall Mullion with Cover - 50mm x 200mm,1659
Rectangular Mullion,Curtain Wall Mullion with Cover - 50mm x 200mm,2870
Rectangular Mullion,Curtain Wall Mullion with Cover - 50mm x 200mm,1659
Rectangular Mullion,Curtain Wall Mullion with Cover - 50mm x 200mm,1692
Rectangular Mullion,Curtain Wall Mullion with Cover - 50mm x 200mm,2870
Rectangular Mullion,Curtain Wall Mullion with Cover - 50mm x 200mm,2870
Rectangular Mullion,Curtain Wall Mullion with Cover - 50mm x 200mm,1692
Rectangular Mullion,Curtain Wall Mullion with Cover - 50mm x 200mm,1572
Rectangular Mullion,Curtain Wall Mullion with Cover - 50mm x 200mm,2870
Rectangular Mullion,Curtain Wall Mullion with Cover - 50mm x 200mm,1572
Rectangular Mullion,Curtain Wall Mullion with Cover - 50mm x 200mm,1659
Rectangular Mullion,Curtain Wall Mullion with Cover - 50mm x 200mm,2870
Rectangular Mullion,Curtain Wall Mullion with Cover - 50mm x 200mm,1242
Rectangular Mullion,Curtain Wall Mullion with Cover - 50mm x 200mm,1242
Rectangular Mullion,Curtain Wall Mullion with Cover - 50mm x 200mm,2870
Rectangular Mullion,Curtain Wall Mullion with Cover - 50mm x 200mm,2870
Rectangular Mullion,Curtain Wall Mullion with Cover - 50mm x 200mm,1562
Rectangular Mullion,Curtain Wall Mullion with Cover - 50mm x 200mm,1563
Rectangular Mullion,Curtain Wall Mullion with Cover - 50mm x 200mm,2870
Rectangular Mullion,Curtain Wall Mullion with Cover - 50mm x 200mm,2870
Rectangular Mullion,Curtain Wall Mullion with Cover - 50mm x 200mm,1563
Rectangular Mullion,Curtain Wall Mullion with Cover - 50mm x 200mm,1564
Rectangular Mullion,Curtain Wall Mullion with Cover - 50mm x 200mm,2870
Rectangular Mullion,Curtain Wall Mullion with Cover - 50mm x 200mm,1564
Rectangular Mullion,Curtain Wall Mullion with Cover - 50mm x 200mm,1564
Rectangular Mullion,Curtain Wall Mullion with Cover - 50mm x 200mm,2870
Rectangular Mullion,Curtain Wall Mullion with Cover - 50mm x 200mm,1564
Rectangular Mullion,Curtain Wall Mullion with Cover - 50mm x 200mm,1562
Rectangular Mullion,Curtain Wall Mullion with Cover - 50mm x 200mm,2870
Rectangular Mullion,Curtain Wall Mullion with Cover - 50mm x 200mm,1509
Rectangular Mullion,Curtain Wall Mullion with Cover - 50mm x 200mm,1563
Rectangular Mullion,Curtain Wall Mullion with Cover - 50mm x 200mm,2870
Rectangular Mullion,Curtain Wall Mullion with Cover - 50mm x 200mm,2870
Rectangular Mullion,Curtain Wall Mullion with Cover - 50mm x 200mm,1563
Rectangular Mullion,Curtain Wall Mullion with Cover - 50mm x 200mm,1566
Rectangular Mullion,Curtain Wall Mullion with Cover - 50mm x 200mm,2870
Rectangular Mullion,Curtain Wall Mullion with Cover - 50mm x 200mm,1566
Rectangular Mullion,Curtain Wall Mullion with Cover - 50mm x 200mm,1564
Rectangular Mullion,Curtain Wall Mullion with Cover - 50mm x 200mm,2870
Rectangular Mullion,Curtain Wall Mullion with Cover - 50mm x 200mm,1564
Rectangular Mullion,Curtain Wall Mullion with Cover - 50mm x 200mm,1509
Rectangular Mullion,Curtain Wall Mullion with Cover - 50mm x 200mm,2870
Rectangular Mullion,Curtain Wall Mullion with Cover - 50mm x 200mm,1297
Rectangular Mullion,Curtain Wall Mullion with Cover - 50mm x 200mm,1171
Rectangular Mullion,Curtain Wall Mullion with Cover - 50mm x 200mm,2870
Rectangular Mullion,Curtain Wall Mullion with Cover - 50mm x 200mm,2870
Rectangular Mullion,Curtain Wall Mullion with Cover - 50mm x 200mm,1171
Rectangular Mullion,Curtain Wall Mullion with Cover - 50mm x 200mm,1297
Rectangular Mullion,Curtain Wall Mullion with Cover - 50mm x 200mm,2870
Rectangular Mullion,Curtain Wall Mullion with Cover - 50mm x 200mm,1509
Rectangular Mullion,Curtain Wall Mullion with Cover - 50mm x 200mm,1563
Rectangular Mullion,Curtain Wall Mullion with Cover - 50mm x 200mm,2870
Rectangular Mullion,Curtain Wall Mullion with Cover - 50mm x 200mm,2870
Rectangular Mullion,Curtain Wall Mullion with Cover - 50mm x 200mm,1563
Rectangular Mullion,Curtain Wall Mullion with Cover - 50mm x 200mm,1566
Rectangular Mullion,Curtain Wall Mullion with Cover - 50mm x 200mm,2870
Rectangular Mullion,Curtain Wall Mullion with Cover - 50mm x 200mm,1566
Rectangular Mullion,Curtain Wall Mullion with Cover - 50mm x 200mm,1564
Rectangular Mullion,Curtain Wall Mullion with Cover - 50mm x 200mm,2870
Rectangular Mullion,Curtain Wall Mullion with Cover - 50mm x 200mm,1564
Rectangular Mullion,Curtain Wall Mullion with Cover - 50mm x 200mm,1509
Rectangular Mullion,Curtain Wall Mullion with Cover - 50mm x 200mm,2870
Rectangular Mullion,Curtain Wall Mullion with Cover - 50mm x 200mm,1297
Rectangular Mullion,Curtain Wall Mullion with Cover - 50mm x 200mm,1171
Rectangular Mullion,Curtain Wall Mullion with Cover - 50mm x 200mm,2870
Rectangular Mullion,Curtain Wall Mullion with Cover - 50mm x 200mm,2870
Rectangular Mullion,Curtain Wall Mullion with Cover - 50mm x 200mm,1171
Rectangular Mullion,Curtain Wall Mullion with Cover - 50mm x 200mm,1297
Rectangular Mullion,Curtain Wall Mullion with Cover - 50mm x 200mm,2870
Rectangular Mullion,Curtain Wall Mullion with Cover - 50mm x 200mm,1562
Rectangular Mullion,Curtain Wall Mullion with Cover - 50mm x 200mm,1563
Rectangular Mullion,Curtain Wall Mullion with Cover - 50mm x 200mm,2870
Rectangular Mullion,Curtain Wall Mullion with Cover - 50mm x 200mm,2870
Rectangular Mullion,Curtain Wall Mullion with Cover - 50mm x 200mm,1563
Rectangular Mullion,Curtain Wall Mullion with Cover - 50mm x 200mm,1564
Rectangular Mullion,Curtain Wall Mullion with Cover - 50mm x 200mm,2870
Rectangular Mullion,Curtain Wall Mullion with Cover - 50mm x 200mm,1564
Rectangular Mullion,Curtain Wall Mullion with Cover - 50mm x 200mm,1564
Rectangular Mullion,Curtain Wall Mullion with Cover - 50mm x 200mm,2870
Rectangular Mullion,Curtain Wall Mullion with Cover - 50mm x 200mm,1564
Rectangular Mullion,Curtain Wall Mullion with Cover - 50mm x 200mm,1562
Rectangular Mullion,Curtain Wall Mullion with Cover - 50mm x 200mm,2870
Rectangular Mullion,Curtain Wall Mullion with Cover - 50mm x 200mm,1509
Rectangular Mullion,Curtain Wall Mullion with Cover - 50mm x 200mm,1563
Rectangular Mullion,Curtain Wall Mullion with Cover - 50mm x 200mm,2870
Rectangular Mullion,Curtain Wall Mullion with Cover - 50mm x 200mm,2870
Rectangular Mullion,Curtain Wall Mullion with Cover - 50mm x 200mm,1563
Rectangular Mullion,Curtain Wall Mullion with Cover - 50mm x 200mm,1566
Rectangular Mullion,Curtain Wall Mullion with Cover - 50mm x 200mm,2870
Rectangular Mullion,Curtain Wall Mullion with Cover - 50mm x 200mm,1566
Rectangular Mullion,Curtain Wall Mullion with Cover - 50mm x 200mm,1564
Rectangular Mullion,Curtain Wall Mullion with Cover - 50mm x 200mm,2870
Rectangular Mullion,Curtain Wall Mullion with Cover - 50mm x 200mm,1564
Rectangular Mullion,Curtain Wall Mullion with Cover - 50mm x 200mm,1509
Rectangular Mullion,Curtain Wall Mullion with Cover - 50mm x 200mm,2870
Rectangular Mullion,Curtain Wall Mullion with Cover - 50mm x 200mm,1562
Rectangular Mullion,Curtain Wall Mullion with Cover - 50mm x 200mm,1563
Rectangular Mullion,Curtain Wall Mullion with Cover - 50mm x 200mm,2870
Rectangular Mullion,Curtain Wall Mullion with Cover - 50mm x 200mm,2870
Rectangular Mullion,Curtain Wall Mullion with Cover - 50mm x 200mm,1563
Rectangular Mullion,Curtain Wall Mullion with Cover - 50mm x 200mm,1564
Rectangular Mullion,Curtain Wall Mullion with Cover - 50mm x 200mm,2870
Rectangular Mullion,Curtain Wall Mullion with Cover - 50mm x 200mm,1564
Rectangular Mullion,Curtain Wall Mullion with Cover - 50mm x 200mm,1564
Rectangular Mullion,Curtain Wall Mullion with Cover - 50mm x 200mm,2870
Rectangular Mullion,Curtain Wall Mullion with Cover - 50mm x 200mm,1564
Rectangular Mullion,Curtain Wall Mullion with Cover - 50mm x 200mm,1562
Rectangular Mullion,Curtain Wall Mullion with Cover - 50mm x 200mm,2870
Rectangular Mullion,Curtain Wall Mullion with Cover - 50mm x 200mm,1297
Rectangular Mullion,Curtain Wall Mullion with Cover - 50mm x 200mm,1171
Rectangular Mullion,Curtain Wall Mullion with Cover - 50mm x 200mm,2870
Rectangular Mullion,Curtain Wall Mullion with Cover - 50mm x 200mm,2870
Rectangular Mullion,Curtain Wall Mullion with Cover - 50mm x 200mm,1171
Rectangular Mullion,Curtain Wall Mullion with Cover - 50mm x 200mm,1297
Rectangular Mullion,Curtain Wall Mullion with Cover - 50mm x 200mm,2870
Rectangular Mullion,Curtain Wall Mullion with Cover - 50mm x 200mm,1242
Rectangular Mullion,Curtain Wall Mullion with Cover - 50mm x 200mm,1242
Rectangular Mullion,Curtain Wall Mullion with Cover - 50mm x 200mm,2870
Rectangular Mullion,Curtain Wall Mullion with Cover - 50mm x 200mm,2870
Rectangular Mullion,50 x 150mm,1430
Rectangular Mullion,50 x 150mm,1430
Rectangular Mullion,50 x 150mm,1455
Rectangular Mullion,50 x 150mm,1455
Rectangular Mullion,50 x 150mm,1455
Rectangular Mullion,50 x 150mm,1455
Rectangular Mullion,50 x 150mm,1455
Rectangular Mullion,50 x 150mm,1455
Rectangular Mullion,50 x 150mm,1455
Rectangular Mullion,50 x 150mm,1455
Rectangular Mullion,50 x 150mm,1455
Rectangular Mullion,50 x 150mm,1455
Rectangular Mullion,50 x 150mm,1455
Rectangular Mullion,50 x 150mm,1455
Rectangular Mullion,50 x 150mm,1455
Rectangular Mullion,50 x 150mm,1455
Rectangular Mullion,50 x 150mm,1455
Rectangular Mullion,50 x 150mm,1455
Rectangular Mullion,50 x 150mm,1455
Rectangular Mullion,50 x 150mm,1430
Rectangular Mullion,50 x 150mm,1455
Rectangular Mullion,50 x 150mm,1455
Rectangular Mullion,50 x 150mm,1455
Rectangular Mullion,50 x 150mm,1455
Rectangular Mullion,50 x 150mm,1455
Rectangular Mullion,50 x 150mm,1455
Rectangular Mullion,50 x 150mm,1455
Rectangular Mullion,50 x 150mm,1455
Rectangular Mullion,50 x 150mm,1455
Rectangular Mullion,50 x 150mm,1455
Rectangular Mullion,50 x 150mm,1455
Rectangular Mullion,50 x 150mm,1455
Rectangular Mullion,50 x 150mm,1455
Rectangular Mullion,50 x 150mm,1455
Rectangular Mullion,50 x 150mm,1455
Rectangular Mullion,50 x 150mm,1455
Rectangular Mullion,50 x 150mm,1455
Rectangular Mullion,50 x 150mm,1455
Rectangular Mullion,50 x 150mm,2400
Rectangular Mullion,50 x 150mm,1575
Rectangular Mullion,50 x 150mm,2400
Rectangular Mullion,50 x 150mm,2400
Rectangular Mullion,50 x 150mm,2400
Rectangular Mullion,50 x 150mm,2400
Rectangular Mullion,50 x 150mm,2400
Rectangular Mullion,50 x 150mm,2400
Rectangular Mullion,50 x 150mm,2400
Rectangular Mullion,50 x 150mm,2400
Rectangular Mullion,50 x 150mm,2400
Rectangular Mullion,50 x 150mm,2400
Rectangular Mullion,50 x 150mm,2400
Rectangular Mullion,50 x 150mm,2400
Rectangular Mullion,50 x 150mm,2400
Rectangular Mullion,50 x 150mm,2400
Rectangular Mullion,50 x 150mm,2400
Rectangular Mullion,50 x 150mm,2400
Rectangular Mullion,50 x 150mm,2400
Rectangular Mullion,50 x 150mm,2400
Rectangular Mullion,50 x 150mm,1455
Rectangular Mullion,50 x 150mm,1455
Rectangular Mullion,50 x 150mm,1455
Rectangular Mullion,50 x 150mm,1455
Rectangular Mullion,50 x 150mm,1455
Rectangular Mullion,50 x 150mm,1455
Rectangular Mullion,50 x 150mm,1455
Rectangular Mullion,50 x 150mm,1455
Rectangular Mullion,50 x 150mm,1575
Rectangular Mullion,50 x 150mm,2400
Rectangular Mullion,50 x 150mm,1575
Rectangular Mullion,50 x 150mm,1575
Rectangular Mullion,50 x 150mm,1575
Rectangular Mullion,50 x 150mm,1575
Rectangular Mullion,50 x 150mm,1575
Rectangular Mullion,50 x 150mm,1575
Rectangular Mullion,50 x 150mm,1575
Rectangular Mullion,50 x 150mm,1575
Rectangular Mullion,50 x 150mm,1575
Rectangular Mullion,50 x 150mm,1575
Rectangular Mullion,50 x 150mm,1575
Rectangular Mullion,50 x 150mm,1575
Rectangular Mullion,50 x 150mm,1575
Rectangular Mullion,50 x 150mm,1575
Rectangular Mullion,50 x 150mm,1575
Rectangular Mullion,50 x 150mm,1575
Rectangular Mullion,50 x 150mm,1575
Rectangular Mullion,50 x 150mm,1575
Rectangular Mullion,50 x 150mm,1430
Rectangular Mullion,50 x 150mm,1455
Rectangular Mullion,50 x 150mm,1455
Rectangular Mullion,50 x 150mm,1455
Rectangular Mullion,50 x 150mm,1455
Rectangular Mullion,50 x 150mm,1455
Rectangular Mullion,50 x 150mm,1455
Rectangular Mullion,50 x 150mm,1455
Rectangular Mullion,50 x 150mm,1455
Rectangular Mullion,50 x 150mm,1455
Rectangular Mullion,50 x 150mm,1455
Rectangular Mullion,50 x 150mm,1455
Rectangular Mullion,50 x 150mm,1455
Rectangular Mullion,50 x 150mm,1455
Rectangular Mullion,50 x 150mm,1455
Rectangular Mullion,50 x 150mm,1455
Rectangular Mullion,50 x 150mm,1455
Rectangular Mullion,50 x 150mm,1455
Rectangular Mullion,50 x 150mm,1455
Rectangular Mullion,50 x 150mm,1455
Rectangular Mullion,50 x 150mm,1455
Rectangular Mullion,50 x 150mm,1455
Rectangular Mullion,50 x 150mm,1455
Rectangular Mullion,50 x 150mm,2400
Rectangular Mullion,50 x 150mm,2400
Rectangular Mullion,50 x 150mm,2400
Rectangular Mullion,50 x 150mm,2400
Rectangular Mullion,50 x 150mm,1575
Rectangular Mullion,50 x 150mm,1575
Rectangular Mullion,50 x 150mm,1575
Rectangular Mullion,50 x 150mm,1575
Rectangular Mullion,50 x 150mm,1455
Rectangular Mullion,50 x 150mm,1455
Rectangular Mullion,50 x 150mm,1455
Rectangular Mullion,50 x 150mm,1455
Rectangular Mullion,50 x 150mm,1455
Rectangular Mullion,50 x 150mm,1455
Rectangular Mullion,50 x 150mm,1455
Rectangular Mullion,50 x 150mm,1455
Rectangular Mullion,50 x 150mm,1455
Rectangular Mullion,50 x 150mm,1430
Rectangular Mullion,50 x 150mm,1455
Rectangular Mullion,50 x 150mm,1455
Rectangular Mullion,50 x 150mm,1455
Rectangular Mullion,50 x 150mm,1455
Rectangular Mullion,50 x 150mm,1430
Rectangular Mullion,50 x 150mm,2400
Rectangular Mullion,50 x 150mm,2400
Rectangular Mullion,50 x 150mm,2400
Rectangular Mullion,50 x 150mm,2400
Rectangular Mullion,50 x 150mm,2400
Rectangular Mullion,50 x 150mm,1575
Rectangular Mullion,50 x 150mm,1575
Rectangular Mullion,50 x 150mm,1575
Rectangular Mullion,50 x 150mm,1575
Rectangular Mullion,50 x 150mm,1575
Rectangular Mullion,50 x 150mm,875
Rectangular Mullion,50 x 150mm,875
Rectangular Mullion,50 x 150mm,875
Rectangular Mullion,50 x 150mm,875
Rectangular Mullion,50 x 150mm,2400
Rectangular Mullion,50 x 150mm,2400
Rectangular Mullion,50 x 150mm,2214
Rectangular Mullion,50 x 150mm,2400
Rectangular Mullion,50 x 150mm,875
Rectangular Mullion,50 x 150mm,875
Rectangular Mullion,50 x 150mm,2400
Rectangular Mullion,50 x 150mm,2400
Rectangular Mullion,50 x 150mm,875
Rectangular Mullion,50 x 150mm,875
Rectangular Mullion,50 x 150mm,875
Rectangular Mullion,50 x 150mm,875
Rectangular Mullion,50 x 150mm,2400
Rectangular Mullion,50 x 150mm,2400
Rectangular Mullion,50 x 150mm,1292
Rectangular Mullion,50 x 150mm,2400
Rectangular Mullion,50 x 150mm,875
Rectangular Mullion,50 x 150mm,875
Rectangular Mullion,50 x 150mm,2400
Rectangular Mullion,50 x 150mm,2400
Rectangular Mullion,50 x 150mm,2400
Rectangular Mullion,50 x 150mm,2400
Rectangular Mullion,50 x 150mm,2400
Rectangular Mullion,50 x 150mm,2400
Rectangular Mullion,50 x 150mm,2400
Rectangular Mullion,50 x 150mm,2400
Rectangular Mullion,50 x 150mm,2400
Rectangular Mullion,50 x 150mm,2400
Rectangular Mullion,50 x 150mm,2400
Rectangular Mullion,50 x 150mm,2400
Rectangular Mullion,50 x 150mm,2400
Rectangular Mullion,50 x 150mm,2400
Rectangular Mullion,50 x 150mm,2400
Rectangular Mullion,50 x 150mm,2400
Rectangular Mullion,50 x 150mm,2400
Rectangular Mullion,50 x 150mm,2400
Rectangular Mullion,50 x 150mm,2400
Rectangular Mullion,50 x 150mm,2400
Rectangular Mullion,50 x 150mm,875
Rectangular Mullion,50 x 150mm,875
Rectangular Mullion,50 x 150mm,875
Rectangular Mullion,50 x 150mm,875
Rectangular Mullion,50 x 150mm,875
Rectangular Mullion,50 x 150mm,875
Rectangular Mullion,50 x 150mm,875
Rectangular Mullion,50 x 150mm,875
Rectangular Mullion,50 x 150mm,875
Rectangular Mullion,50 x 150mm,875
Rectangular Mullion,50 x 150mm,875
Rectangular Mullion,50 x 150mm,875
Rectangular Mullion,50 x 150mm,2400
Rectangular Mullion,50 x 150mm,2400
Rectangular Mullion,50 x 150mm,2400
Rectangular Mullion,50 x 150mm,2400
Rectangular Mullion,50 x 150mm,2400
Rectangular Mullion,50 x 150mm,2400
Rectangular Mullion,50 x 150mm,2400
Rectangular Mullion,50 x 150mm,2400
Rectangular Mullion,50 x 150mm,2400
Rectangular Mullion,50 x 150mm,2400
Rectangular Mullion,50 x 150mm,2400
Rectangular Mullion,50 x 150mm,2400
Rectangular Mullion,50 x 150mm,875
Rectangular Mullion,50 x 150mm,875
Rectangular Mullion,50 x 150mm,875
Rectangular Mullion,50 x 150mm,875
Rectangular Mullion,50 x 150mm,875
Rectangular Mullion,50 x 150mm,875
Rectangular Mullion,50 x 150mm,875
Rectangular Mullion,50 x 150mm,875
Rectangular Mullion,50 x 150mm,2400
Rectangular Mullion,50 x 150mm,2400
Rectangular Mullion,50 x 150mm,2400
Rectangular Mullion,50 x 150mm,2400
Rectangular Mullion,50 x 150mm,2400
Rectangular Mullion,50 x 150mm,1292
Rectangular Mullion,50 x 150mm,2400
Rectangular Mullion,50 x 150mm,2400
Rectangular Mullion,50 x 150mm,1292
Rectangular Mullion,50 x 150mm,875
Rectangular Mullion,50 x 150mm,875
Rectangular Mullion,50 x 150mm,875
Rectangular Mullion,50 x 150mm,875
Rectangular Mullion,50 x 150mm,875
Rectangular Mullion,50 x 150mm,875
Rectangular Mullion,50 x 150mm,2400
Rectangular Mullion,50 x 150mm,2400
Rectangular Mullion,50 x 150mm,2400
Rectangular Mullion,50 x 150mm,2400
Rectangular Mullion,50 x 150mm,2400
Rectangular Mullion,50 x 150mm,2214
Rectangular Mullion,50 x 150mm,2400
Rectangular Mullion,50 x 150mm,2400
Rectangular Mullion,50 x 150mm,2214
Rectangular Mullion,50 x 150mm,875
Rectangular Mullion,50 x 150mm,875
Rectangular Mullion,50 x 150mm,875
Rectangular Mullion,50 x 150mm,875
Rectangular Mullion,50 x 150mm,875
Rectangular Mullion,50 x 150mm,875
Rectangular Mullion,Curtain Wall Mullion with Cover - 70mm x 400mm,8217
Rectangular Mullion,Curtain Wall Mullion with Cover - 70mm x 400mm,8217
Rectangular Mullion,Curtain Wall Mullion with Cover - 70mm x 400mm,80
Rectangular Mullion,Curtain Wall Mullion with Cover - 70mm x 400mm,150
Rectangular Mullion,Curtain Wall Mullion with Cover - 70mm x 400mm,150
Rectangular Mullion,Curtain Wall Mullion with Cover - 70mm x 400mm,150
Rectangular Mullion,Curtain Wall Mullion with Cover - 70mm x 400mm,150
Rectangular Mullion,Curtain Wall Mullion with Cover - 70mm x 400mm,150
Rectangular Mullion,Curtain Wall Mullion with Cover - 70mm x 400mm,150
Rectangular Mullion,Curtain Wall Mullion with Cover - 70mm x 400mm,150
Rectangular Mullion,Curtain Wall Mullion with Cover - 70mm x 400mm,150
Rectangular Mullion,Curtain Wall Mullion with Cover - 70mm x 400mm,150
Rectangular Mullion,Curtain Wall Mullion with Cover - 70mm x 400mm,150
Rectangular Mullion,Curtain Wall Mullion with Cover - 70mm x 400mm,150
Rectangular Mullion,Curtain Wall Mullion with Cover - 70mm x 400mm,150
Rectangular Mullion,Curtain Wall Mullion with Cover - 70mm x 400mm,150
Rectangular Mullion,Curtain Wall Mullion with Cover - 70mm x 400mm,150
Rectangular Mullion,Curtain Wall Mullion with Cover - 70mm x 400mm,150
Rectangular Mullion,Curtain Wall Mullion with Cover - 70mm x 400mm,80
Rectangular Mullion,Curtain Wall Mullion with Cover - 70mm x 400mm,80
Rectangular Mullion,Curtain Wall Mullion with Cover - 70mm x 400mm,80
Rectangular Mullion,Curtain Wall Mullion with Cover - 70mm x 400mm,150
Rectangular Mullion,Curtain Wall Mullion with Cover - 70mm x 400mm,150
Rectangular Mullion,Curtain Wall Mullion with Cover - 70mm x 400mm,150
Rectangular Mullion,Curtain Wall Mullion with Cover - 70mm x 400mm,150
Rectangular Mullion,Curtain Wall Mullion with Cover - 70mm x 400mm,150
Rectangular Mullion,Curtain Wall Mullion with Cover - 70mm x 400mm,150
Rectangular Mullion,Curtain Wall Mullion with Cover - 70mm x 400mm,150
Rectangular Mullion,Curtain Wall Mullion with Cover - 70mm x 400mm,150
Rectangular Mullion,Curtain Wall Mullion with Cover - 70mm x 400mm,150
Rectangular Mullion,Curtain Wall Mullion with Cover - 70mm x 400mm,150
Rectangular Mullion,Curtain Wall Mullion with Cover - 70mm x 400mm,150
Rectangular Mullion,Curtain Wall Mullion with Cover - 70mm x 400mm,150
Rectangular Mullion,Curtain Wall Mullion with Cover - 70mm x 400mm,150
Rectangular Mullion,Curtain Wall Mullion with Cover - 70mm x 400mm,150
Rectangular Mullion,Curtain Wall Mullion with Cover - 70mm x 400mm,150
Rectangular Mullion,50 x 150mm,7677
Rectangular Mullion,50 x 150mm,7677
Rectangular Mullion,50 x 150mm,7677
Rectangular Mullion,50 x 150mm,7677
Rectangular Mullion,50 x 150mm,7677
Rectangular Mullion,50 x 150mm,7677
Rectangular Mullion,50 x 150mm,7677
Rectangular Mullion,50 x 150mm,7677
Rectangular Mullion,50 x 150mm,7677
Rectangular Mullion,50 x 150mm,7677
Rectangular Mullion,50 x 150mm,7677
Rectangular Mullion,50 x 150mm,7677
Rectangular Mullion,50 x 150mm,7677
Rectangular Mullion,50 x 150mm,7677
Rectangular Mullion,50 x 150mm,7677
Rectangular Mullion,50 x 150mm,7677
Rectangular Mullion,Curtain Wall Mullion with Cover - 70mm x 400mm,25551
Rectangular Mullion,Curtain Wall Mullion with Cover - 70mm x 400mm,25551
Rectangular Mullion,Curtain Wall Mullion with Cover - 70mm x 400mm,80
Rectangular Mullion,Curtain Wall Mullion with Cover - 70mm x 400mm,150
Rectangular Mullion,Curtain Wall Mullion with Cover - 70mm x 400mm,150
Rectangular Mullion,Curtain Wall Mullion with Cover - 70mm x 400mm,150
Rectangular Mullion,Curtain Wall Mullion with Cover - 70mm x 400mm,150
Rectangular Mullion,Curtain Wall Mullion with Cover - 70mm x 400mm,150
Rectangular Mullion,Curtain Wall Mullion with Cover - 70mm x 400mm,150
Rectangular Mullion,Curtain Wall Mullion with Cover - 70mm x 400mm,150
Rectangular Mullion,Curtain Wall Mullion with Cover - 70mm x 400mm,150
Rectangular Mullion,Curtain Wall Mullion with Cover - 70mm x 400mm,150
Rectangular Mullion,Curtain Wall Mullion with Cover - 70mm x 400mm,150
Rectangular Mullion,Curtain Wall Mullion with Cover - 70mm x 400mm,150
Rectangular Mullion,Curtain Wall Mullion with Cover - 70mm x 400mm,150
Rectangular Mullion,Curtain Wall Mullion with Cover - 70mm x 400mm,150
Rectangular Mullion,Curtain Wall Mullion with Cover - 70mm x 400mm,150
Rectangular Mullion,Curtain Wall Mullion with Cover - 70mm x 400mm,150
Rectangular Mullion,Curtain Wall Mullion with Cover - 70mm x 400mm,80
Rectangular Mullion,Curtain Wall Mullion with Cover - 70mm x 400mm,80
Rectangular Mullion,Curtain Wall Mullion with Cover - 70mm x 400mm,80
Rectangular Mullion,Curtain Wall Mullion with Cover - 70mm x 400mm,150
Rectangular Mullion,Curtain Wall Mullion with Cover - 70mm x 400mm,150
Rectangular Mullion,Curtain Wall Mullion with Cover - 70mm x 400mm,150
Rectangular Mullion,Curtain Wall Mullion with Cover - 70mm x 400mm,150
Rectangular Mullion,Curtain Wall Mullion with Cover - 70mm x 400mm,150
Rectangular Mullion,Curtain Wall Mullion with Cover - 70mm x 400mm,150
Rectangular Mullion,Curtain Wall Mullion with Cover - 70mm x 400mm,150
Rectangular Mullion,Curtain Wall Mullion with Cover - 70mm x 400mm,150
Rectangular Mullion,Curtain Wall Mullion with Cover - 70mm x 400mm,150
Rectangular Mullion,Curtain Wall Mullion with Cover - 70mm x 400mm,150
Rectangular Mullion,Curtain Wall Mullion with Cover - 70mm x 400mm,150
Rectangular Mullion,Curtain Wall Mullion with Cover - 70mm x 400mm,150
Rectangular Mullion,Curtain Wall Mullion with Cover - 70mm x 400mm,150
Rectangular Mullion,Curtain Wall Mullion with Cover - 70mm x 400mm,150
Rectangular Mullion,Curtain Wall Mullion with Cover - 70mm x 400mm,150
Rectangular Mullion,50 x 150mm,24611
Rectangular Mullion,50 x 150mm,24611
Rectangular Mullion,50 x 150mm,24611
Rectangular Mullion,50 x 150mm,24611
Rectangular Mullion,50 x 150mm,24611
Rectangular Mullion,50 x 150mm,24611
Rectangular Mullion,50 x 150mm,24611
Rectangular Mullion,50 x 150mm,24611
Rectangular Mullion,50 x 150mm,24611
Rectangular Mullion,50 x 150mm,24611
Rectangular Mullion,50 x 150mm,24611
Rectangular Mullion,50 x 150mm,24611
Rectangular Mullion,50 x 150mm,24611
Rectangular Mullion,50 x 150mm,24611
Rectangular Mullion,50 x 150mm,24611
Rectangular Mullion,50 x 150mm,24611
Rectangular Mullion,Curtain Wall Mullion with Cover - 70mm x 400mm,11669
Rectangular Mullion,Curtain Wall Mullion with Cover - 70mm x 400mm,11669
Rectangular Mullion,Curtain Wall Mullion with Cover - 70mm x 400mm,80
Rectangular Mullion,Curtain Wall Mullion with Cover - 70mm x 400mm,150
Rectangular Mullion,Curtain Wall Mullion with Cover - 70mm x 400mm,150
Rectangular Mullion,Curtain Wall Mullion with Cover - 70mm x 400mm,150
Rectangular Mullion,Curtain Wall Mullion with Cover - 70mm x 400mm,150
Rectangular Mullion,Curtain Wall Mullion with Cover - 70mm x 400mm,150
Rectangular Mullion,Curtain Wall Mullion with Cover - 70mm x 400mm,150
Rectangular Mullion,Curtain Wall Mullion with Cover - 70mm x 400mm,150
Rectangular Mullion,Curtain Wall Mullion with Cover - 70mm x 400mm,150
Rectangular Mullion,Curtain Wall Mullion with Cover - 70mm x 400mm,150
Rectangular Mullion,Curtain Wall Mullion with Cover - 70mm x 400mm,150
Rectangular Mullion,Curtain Wall Mullion with Cover - 70mm x 400mm,150
Rectangular Mullion,Curtain Wall Mullion with Cover - 70mm x 400mm,150
Rectangular Mullion,Curtain Wall Mullion with Cover - 70mm x 400mm,150
Rectangular Mullion,Curtain Wall Mullion with Cover - 70mm x 400mm,150
Rectangular Mullion,Curtain Wall Mullion with Cover - 70mm x 400mm,150
Rectangular Mullion,Curtain Wall Mullion with Cover - 70mm x 400mm,80
Rectangular Mullion,Curtain Wall Mullion with Cover - 70mm x 400mm,80
Rectangular Mullion,Curtain Wall Mullion with Cover - 70mm x 400mm,80
Rectangular Mullion,Curtain Wall Mullion with Cover - 70mm x 400mm,150
Rectangular Mullion,Curtain Wall Mullion with Cover - 70mm x 400mm,150
Rectangular Mullion,Curtain Wall Mullion with Cover - 70mm x 400mm,150
Rectangular Mullion,Curtain Wall Mullion with Cover - 70mm x 400mm,150
Rectangular Mullion,Curtain Wall Mullion with Cover - 70mm x 400mm,150
Rectangular Mullion,Curtain Wall Mullion with Cover - 70mm x 400mm,150
Rectangular Mullion,Curtain Wall Mullion with Cover - 70mm x 400mm,150
Rectangular Mullion,Curtain Wall Mullion with Cover - 70mm x 400mm,150
Rectangular Mullion,Curtain Wall Mullion with Cover - 70mm x 400mm,150
Rectangular Mullion,Curtain Wall Mullion with Cover - 70mm x 400mm,150
Rectangular Mullion,Curtain Wall Mullion with Cover - 70mm x 400mm,150
Rectangular Mullion,Curtain Wall Mullion with Cover - 70mm x 400mm,150
Rectangular Mullion,Curtain Wall Mullion with Cover - 70mm x 400mm,150
Rectangular Mullion,Curtain Wall Mullion with Cover - 70mm x 400mm,150
Rectangular Mullion,Curtain Wall Mullion with Cover - 70mm x 400mm,150
Rectangular Mullion,50 x 150mm,10729
Rectangular Mullion,50 x 150mm,10729
Rectangular Mullion,50 x 150mm,10729
Rectangular Mullion,50 x 150mm,10729
Rectangular Mullion,50 x 150mm,10729
Rectangular Mullion,50 x 150mm,10729
Rectangular Mullion,50 x 150mm,10729
Rectangular Mullion,50 x 150mm,10729
Rectangular Mullion,50 x 150mm,10729
Rectangular Mullion,50 x 150mm,10729
Rectangular Mullion,50 x 150mm,10729
Rectangular Mullion,50 x 150mm,10729
Rectangular Mullion,50 x 150mm,10729
Rectangular Mullion,50 x 150mm,10729
Rectangular Mullion,50 x 150mm,10729
Rectangular Mullion,50 x 150mm,10729
Rectangular Mullion,Curtain Wall Mullion with Cover - 70mm x 400mm,11520
Rectangular Mullion,Curtain Wall Mullion with Cover - 70mm x 400mm,11520
Rectangular Mullion,Curtain Wall Mullion with Cover - 70mm x 400mm,80
Rectangular Mullion,Curtain Wall Mullion with Cover - 70mm x 400mm,150
Rectangular Mullion,Curtain Wall Mullion with Cover - 70mm x 400mm,150
Rectangular Mullion,Curtain Wall Mullion with Cover - 70mm x 400mm,150
Rectangular Mullion,Curtain Wall Mullion with Cover - 70mm x 400mm,150
Rectangular Mullion,Curtain Wall Mullion with Cover - 70mm x 400mm,150
Rectangular Mullion,Curtain Wall Mullion with Cover - 70mm x 400mm,150
Rectangular Mullion,Curtain Wall Mullion with Cover - 70mm x 400mm,150
Rectangular Mullion,Curtain Wall Mullion with Cover - 70mm x 400mm,150
Rectangular Mullion,Curtain Wall Mullion with Cover - 70mm x 400mm,150
Rectangular Mullion,Curtain Wall Mullion with Cover - 70mm x 400mm,150
Rectangular Mullion,Curtain Wall Mullion with Cover - 70mm x 400mm,150
Rectangular Mullion,Curtain Wall Mullion with Cover - 70mm x 400mm,150
Rectangular Mullion,Curtain Wall Mullion with Cover - 70mm x 400mm,150
Rectangular Mullion,Curtain Wall Mullion with Cover - 70mm x 400mm,150
Rectangular Mullion,Curtain Wall Mullion with Cover - 70mm x 400mm,150
Rectangular Mullion,Curtain Wall Mullion with Cover - 70mm x 400mm,80
Rectangular Mullion,Curtain Wall Mullion with Cover - 70mm x 400mm,80
Rectangular Mullion,Curtain Wall Mullion with Cover - 70mm x 400mm,80
Rectangular Mullion,Curtain Wall Mullion with Cover - 70mm x 400mm,150
Rectangular Mullion,Curtain Wall Mullion with Cover - 70mm x 400mm,150
Rectangular Mullion,Curtain Wall Mullion with Cover - 70mm x 400mm,150
Rectangular Mullion,Curtain Wall Mullion with Cover - 70mm x 400mm,150
Rectangular Mullion,Curtain Wall Mullion with Cover - 70mm x 400mm,150
Rectangular Mullion,Curtain Wall Mullion with Cover - 70mm x 400mm,150
Rectangular Mullion,Curtain Wall Mullion with Cover - 70mm x 400mm,150
Rectangular Mullion,Curtain Wall Mullion with Cover - 70mm x 400mm,150
Rectangular Mullion,Curtain Wall Mullion with Cover - 70mm x 400mm,150
Rectangular Mullion,Curtain Wall Mullion with Cover - 70mm x 400mm,150
Rectangular Mullion,Curtain Wall Mullion with Cover - 70mm x 400mm,150
Rectangular Mullion,Curtain Wall Mullion with Cover - 70mm x 400mm,150
Rectangular Mullion,Curtain Wall Mullion with Cover - 70mm x 400mm,150
Rectangular Mullion,Curtain Wall Mullion with Cover - 70mm x 400mm,150
Rectangular Mullion,Curtain Wall Mullion with Cover - 70mm x 400mm,150
Rectangular Mullion,50 x 150mm,10980
Rectangular Mullion,50 x 150mm,10980
Rectangular Mullion,50 x 150mm,10980
Rectangular Mullion,50 x 150mm,10980
Rectangular Mullion,50 x 150mm,10980
Rectangular Mullion,50 x 150mm,10980
Rectangular Mullion,50 x 150mm,10980
Rectangular Mullion,50 x 150mm,10980
Rectangular Mullion,50 x 150mm,10980
Rectangular Mullion,50 x 150mm,10980
Rectangular Mullion,50 x 150mm,10980
Rectangular Mullion,50 x 150mm,10980
Rectangular Mullion,50 x 150mm,10980
Rectangular Mullion,50 x 150mm,10980
Rectangular Mullion,50 x 150mm,10980
Rectangular Mullion,50 x 150mm,10980
